s_m, x_m, y_m, psi_rad, kappa_radpm, vx_mps, ax_mps2
0,142.6215749,-131.9859431,-2.1875137,-8.36E-05,56.0691478,1.7178697
1.9988106,144.2520732,-133.1421146,-2.1876818,-8.46E-05,56.1303548,1.6982758
3.9976212,145.8823718,-134.2985591,-2.187852,-8.56E-05,56.1907981,1.6789218
5.9964317,147.5124723,-135.4552824,-2.1880241,-8.66E-05,56.2504888,1.6598044
7.9952423,149.1423744,-136.6122895,-2.1881984,-8.77E-05,56.3094375,-2.1504114
9.9940529,150.7720723,-137.7695811,-2.1883746,-8.87E-05,56.2330528,-13.6635045
11.9928635,152.4015664,-138.9271625,-2.1885528,-8.97E-05,55.7452663,-13.6312438
13.991674,154.030851,-140.0850347,-2.1887331,-9.07E-05,55.2543407,-13.5991624
15.9904846,155.6599263,-141.2432026,-2.1889154,-9.17E-05,54.760185,-13.5672596
17.9892952,157.2887925,-142.4016714,-2.1890997,-9.27E-05,54.2627045,-13.5355325
19.9881058,158.9174382,-143.560438,-2.1892861,-9.37E-05,53.7618003,-13.503982
21.9869163,160.5458694,-144.7195116,-2.1894745,-9.47E-05,53.2573691,-13.4726073
23.9857269,162.1740861,-145.8788972,-2.1896649,-9.58E-05,52.7493032,-13.4414058
25.9845375,163.8020712,-147.0385875,-2.1898573,-9.68E-05,52.2374898,-13.4103784
27.9833481,165.4298366,-148.198596,-2.1900517,-9.78E-05,51.7218109,-13.3795244
29.9821586,167.0573821,-149.3589275,-2.1902482,-9.88E-05,51.2021431,-13.3488411
31.9809692,168.6846851,-150.5195709,-2.1904467,-9.98E-05,50.6783568,-13.3183295
33.9797798,170.311763,-151.6805435,-2.1906472,-0.0001008,50.1503162,-13.2879891
35.9785904,171.9386156,-152.8418503,-2.1908497,-0.0001018,49.6178785,-13.2578169
37.9774009,173.5652147,-154.0034759,-2.1910543,-0.0001029,49.0808938,-13.2278142
39.9762115,175.1915834,-155.165442,-2.1912609,-0.0001039,48.5392042,-13.1979803
41.9750221,176.8177213,-156.3277532,-2.1914695,-0.0001049,47.9926434,-13.1683133
43.9738327,178.4435946,-157.4903904,-2.1916802,-0.0001059,47.4410359,-13.138812
45.9726432,180.0692323,-158.6533792,-2.1918929,-0.0001069,46.8841967,-13.109476
47.9714538,181.6946335,-159.816724,-2.1921076,-0.0001079,46.3219298,-13.0803157
49.9702644,183.3197594,-160.9804021,-2.1923244,-0.0001089,45.7540275,-13.0512993
51.969075,184.9446438,-162.1444427,-2.1925431,-0.00011,45.180271,-13.0224276
53.9678855,186.5692865,-163.3088505,-2.192764,-0.000111,44.6004277,-12.9938678
55.9666961,188.1936438,-164.4735994,-2.1929868,-0.000112,44.014243,-12.9652006
57.9655067,189.8177501,-165.6387189,-2.1932117,-0.0001131,43.4214651,-12.9364438
59.9643173,191.441614,-166.8042204,-2.1934389,-0.0001143,42.8218242,-12.9097271
61.9631278,193.0651928,-167.9700787,-2.1936676,-0.0001145,42.2149314,-12.8451163
63.9619384,194.6885469,-169.1363431,-2.1939073,-0.0001367,41.6022899,-12.7431898
65.960749,196.3115015,-170.3029983,-2.1942264,-0.0001826,40.9854618,-12.6442977
67.9595596,197.9341379,-171.4703239,-2.1946383,-0.0002295,40.3641049,-12.5503767
69.9583701,199.5561728,-172.6383466,-2.195144,-0.0002765,39.7377568,-12.4613704
71.9571807,201.1774801,-173.8072063,-2.1957434,-0.0003233,39.1059264,-12.3768166
73.9559913,202.7982033,-174.9772376,-2.1964367,-0.0003704,38.4681122,-12.2969372
75.9548019,204.4179714,-176.1484044,-2.197224,-0.0004174,37.8237644,-12.2216801
77.9536124,206.0366525,-177.3208431,-2.1981055,-0.0004646,37.1722949,-12.1503322
79.952423,207.6544631,-178.4949438,-2.1990817,-0.0005122,36.5131084,-12.0843857
81.9512336,209.2709629,-179.6706218,-2.200153,-0.0005593,35.8454779,-12.0237122
83.9500442,210.8860116,-180.8480071,-2.2013173,-0.0006058,35.168623,-11.9614861
85.9488547,212.4998802,-182.0275318,-2.2025798,-0.0006574,34.4820903,-11.9138623
87.9476653,214.112111,-183.2091111,-2.2039413,-0.0007005,33.7844261,-11.8796185
89.9464759,215.7224932,-184.392803,-2.2053757,-0.000735,33.0741172,-11.7837479
91.9452865,217.3313709,-185.5790841,-2.206941,-0.0008316,32.3541384,-11.7836714
93.944097,218.9378218,-186.7676658,-2.2086108,-0.0007488,31.6177738,-11.8760894
95.9429076,220.5431356,-187.9590882,-2.2098399,-0.0004806,30.8578598,-12.1377413
97.9417182,222.1464994,-189.1513143,-2.2103641,-4.43E-05,30.0613609,-12.2221794
99.9405288,223.7503565,-190.344134,-2.2100311,0.0003651,29.2374037,-11.9012331
101.9393393,225.3557199,-191.5362614,-2.2089183,0.0007473,28.4121304,-11.9011986
103.9381499,226.9613814,-192.7252771,-2.2075088,0.000662,27.5621602,-11.9718785
105.9369605,228.5691657,-193.9127527,-2.2067108,-0.0003188,26.6798358,-10.9377923
107.9357711,230.1768068,-195.1019009,-2.2092475,-0.0022149,25.8474078,-9.5349105
109.9345816,231.7775868,-196.2973231,-2.2159891,-0.004538,25.0992336,-8.2856429
111.9333922,233.3682215,-197.507783,-2.2273708,-0.0068483,24.4304864,-7.1620789
113.9322028,234.9427329,-198.7403671,-2.2433596,-0.0091392,23.8373109,-6.12106
115.9310134,236.4929508,-200.0002857,-2.2639168,-0.0114369,23.3183985,-5.1715424
117.9298239,238.0148609,-201.2960348,-2.2890313,-0.0136795,22.8708076,-4.2786731
119.9286345,239.5013697,-202.6334465,-2.3185951,-0.0158855,22.493762,-3.2926685
121.9274451,240.9427248,-204.0156567,-2.3527154,-0.0182939,22.1992452,-2.5626665
123.9262557,242.3330928,-205.4499709,-2.3914414,-0.0201817,21.967292,-2.3449312
125.9250662,243.6660434,-206.9404622,-2.4327095,-0.0210293,21.7528796,-2.2941445
127.9238768,244.9331802,-208.4819601,-2.4740929,-0.0202002,21.5410457,-2.8657425
129.9226874,246.1415862,-210.0795304,-2.5136355,-0.0193677,21.2734693,-3.4866051
131.921498,247.284711,-211.719532,-2.5520004,-0.0190847,20.9433133,-3.8721067
133.9203085,248.3659097,-213.4043936,-2.5900359,-0.0188394,20.5704437,-4.2630131
135.9191191,249.3802881,-215.1245195,-2.6274555,-0.0186735,20.1519539,-4.6426237
137.9179297,250.3323201,-216.8861157,-2.6647664,-0.018613,19.6860812,-5.0114431
139.9167403,251.2163218,-218.6785291,-2.7021737,-0.0189811,19.1704967,-5.2400593
141.9155508,252.0302297,-220.4997456,-2.7406603,-0.0195832,18.6161266,-4.8447373
143.9143614,252.7737931,-222.3590088,-2.782645,-0.0224936,18.08847,-4.3417989
145.913172,253.4317522,-224.2465035,-2.8306673,-0.025342,17.6021555,-3.9748745
147.9119826,253.9923635,-226.1613461,-2.8837535,-0.0279264,17.1448487,-3.777508
149.9107931,254.44735,-228.1122995,-2.9419111,-0.0301127,16.6986464,-3.605095
151.9096037,254.7829794,-230.0812012,-3.0043457,-0.0323718,16.2613956,-3.4987753
153.9084143,254.9904498,-232.0643929,-3.0711002,-0.0345693,15.8254924,-3.1741431
155.9072249,255.060033,-234.0621816,3.1396603,-0.0377463,15.419377,-2.2117477
157.9060354,254.978845,-236.0553971,3.0602075,-0.0433842,15.1299524,-0.5878983
159.904846,254.724445,-238.0389322,2.9651794,-0.050995,15.052085,-0.1412504
161.9036566,254.2732837,-239.9838626,2.8614315,-0.0530972,15.0333163,-0.1412504
163.9024672,253.6189782,-241.8725138,2.755778,-0.0505545,15.0145241,0.4622949
165.9012777,252.7771395,-243.6859912,2.659906,-0.0451651,15.0759415,1.5926383
167.9000883,251.7763399,-245.4158192,2.5765696,-0.0382892,15.2856396,2.9076746
169.8988989,250.6466883,-247.0635472,2.5071219,-0.0309328,15.6612439,4.2596821
171.8977095,249.4182618,-248.6374462,2.4529878,-0.0243371,16.1957758,5.1360605
173.89652,248.1131032,-250.1490358,2.4064515,-0.022126,16.8177043,5.123228
175.8953306,246.7456263,-251.5970132,2.3629163,-0.0223299,17.4159669,5.0374002
177.8941412,245.3058829,-252.9913806,2.3171496,-0.0231955,17.9848136,4.2951657
179.8929518,243.8084533,-254.3127959,2.2703402,-0.0237266,18.4560008,3.7052649
181.8917623,242.2480833,-255.5634513,2.2225298,-0.0239509,18.853016,3.2648218
183.8905729,240.6257851,-256.7403788,2.1741337,-0.0243754,19.1960343,2.7876414
185.8893835,238.9520279,-257.8344868,2.1253191,-0.0245584,19.4841388,2.4395973
187.8881941,237.225628,-258.8455302,2.0758878,-0.0244123,19.7328217,2.2508733
189.8870046,235.4557029,-259.7694449,2.0282857,-0.0232588,19.9595188,2.4851035
191.8858152,233.6414774,-260.6119387,1.9833899,-0.0215508,20.2068526,2.9452516
193.8846258,231.7952619,-261.3744592,1.9421471,-0.0198228,20.496119,3.410056
195.8834364,229.9192415,-262.063561,1.9039682,-0.0183834,20.8260175,3.7556014
197.8822469,228.0180575,-262.6835907,1.8685763,-0.0170283,21.183401,4.0783247
199.8810575,226.0992168,-263.2379006,1.835907,-0.0156934,21.5647878,4.4112724
201.8798681,224.1618007,-263.7322859,1.8058036,-0.0144143,21.9698582,4.7409245
203.8786787,222.2111068,-264.1705966,1.7782608,-0.01314,22.397033,4.9864831
205.8774892,220.2518642,-264.5570973,1.7532971,-0.0118742,22.8377135,4.9740243
207.8762998,218.2807947,-264.8974493,1.7306352,-0.0107815,23.2689799,4.9615966
209.8751104,216.3040213,-265.1949507,1.7099023,-0.0101854,23.6913488,4.9492
211.873921,214.3238604,-265.4518223,1.68976,-0.01,24.1052906,4.9368344
213.8727315,212.3351202,-265.6692874,1.669618,-0.0101367,24.5112347,4.9244996
215.8715421,210.3443595,-265.8462094,1.6491825,-0.0103429,24.9095747,4.9121957
217.8703527,208.3520227,-265.9818474,1.6282783,-0.0105768,25.3006721,4.8294658
219.8691633,206.3554384,-266.0758089,1.6074941,-0.0101962,25.6793766,4.8641864
221.8679738,204.3589442,-266.1291651,1.5878633,-0.0092263,26.0552405,4.8757028
223.8667844,202.3588518,-266.1457961,1.570835,-0.0078051,26.4266299,4.8635208
225.865595,200.3617006,-266.1310816,1.5564069,-0.0066498,26.791963,4.8513692
227.8644056,198.3632077,-266.0897952,1.5442634,-0.0054815,27.1514865,4.839248
229.8632161,196.3638056,-266.0265594,1.5344924,-0.0042913,27.5054304,4.8271571
231.8620267,194.3680351,-265.9462613,1.5270504,-0.0031647,27.8540095,4.8150963
233.8608373,192.3710455,-265.8532553,1.5218319,-0.0020587,28.197425,4.8030658
235.8596479,190.3738712,-265.7519952,1.5188074,-0.0009689,28.5358654,4.7910652
237.8584584,188.3784197,-265.646934,1.5179354,9.37E-05,28.8695077,4.7790947
239.857269,186.3819001,-265.542189,1.5191754,0.0011427,29.1985186,4.7671541
241.8560796,184.3853858,-265.4420147,1.5224983,0.0021818,29.5230548,-4.8355599
243.8548902,182.3884302,-265.3505429,1.52789,0.0032121,29.1938354,-9.0497073
245.8537007,180.390908,-265.2718973,1.5353432,0.0042401,28.5675117,-8.3683274
247.8525113,178.3931779,-265.210196,1.5448392,0.0052652,27.9758704,-7.7187139
249.8513219,176.3940824,-265.1695201,1.5564166,0.0063198,27.4188408,-7.1726102
251.8501325,174.3958387,-265.1541101,1.5700891,0.0073008,26.8908804,-6.8349977
253.848943,172.3972275,-265.1677782,1.58543,0.0080482,26.37794,-6.5498609
255.8477536,170.3990101,-265.2135829,1.6022379,0.0087643,25.8768595,-6.2996751
257.8465642,168.402191,-265.2943661,1.6204572,0.0094706,25.3855893,-6.0750217
259.8453748,166.4069824,-265.4129465,1.6400971,0.0101792,24.9026606,-5.8769292
261.8441853,164.4149149,-265.5720649,1.6611456,0.0108874,24.4263949,-5.7075392
263.8429959,162.4263489,-265.7745296,1.6836099,0.0115907,23.9547947,-5.5596919
265.8418065,160.4433332,-266.0229682,1.707487,0.0123005,23.4863077,-5.4295096
267.8406171,158.4673808,-266.320021,1.7327813,0.0130245,23.0195901,-5.327224
269.8394276,156.4985588,-266.6686276,1.7595447,0.0137448,22.5522793,-5.2445819
271.8382382,154.5414596,-267.0709069,1.7877425,0.0144783,22.0825599,-5.0441978
273.8370488,152.5969188,-267.5296711,1.8175757,0.0155045,21.6211623,-4.7701327
275.8358594,150.6651078,-268.049131,1.849778,0.0167485,21.1755868,-3.860619
277.8346699,148.7551397,-268.6328324,1.8858927,0.0194239,20.8079837,-2.7187788
279.8334805,146.8692136,-269.2902905,1.9276435,0.022613,20.5451585,-1.4895104
281.8322911,145.0112943,-270.0336958,1.9762738,0.0258816,20.3997313,-1.4880335
283.8311017,143.2028186,-270.8663502,2.0283523,0.0262158,20.2534057,-1.45972
285.8299122,141.4308909,-271.7972942,2.080571,0.0256532,20.1088298,-1.8192303
287.8287228,139.7102413,-272.8172099,2.1308638,0.0247471,19.9271785,-2.3678246
289.8275334,138.0412037,-273.921765,2.1797145,0.0240434,19.6882396,-2.8825875
291.826344,136.4282103,-275.1048474,2.2274711,0.0237364,19.3933825,-3.253171
293.8251545,134.8715924,-276.3641162,2.2742873,0.023088,19.0551394,-3.7931716
295.8239651,133.3764894,-277.6925752,2.3200424,0.0225938,18.6530072,-4.3000335
297.8227757,131.9461493,-279.0839128,2.3644955,0.021969,18.1863897,-4.8874954
299.8215863,130.5742083,-280.5425188,2.4096894,0.0234796,17.6410435,-4.5202618
301.8203968,129.2769198,-282.0583998,2.458581,0.0261413,17.1212185,-3.4130206
303.8192074,128.0591212,-283.6432409,2.5159876,0.0313485,16.718019,-2.5447842
305.818018,126.9420288,-285.3021879,2.5833492,0.0357329,16.4109438,-1.6877811
307.8168286,125.9484745,-287.0326323,2.6588221,0.0398989,16.2040725,-0.6690353
309.8156391,125.094213,-288.8403245,2.7428779,0.0442228,16.1213342,-0.162031
311.8144497,124.4027396,-290.7150198,2.8341772,0.0462874,16.1012322,-0.162031
313.8132603,123.8880199,-292.6425088,2.9272549,0.0461086,16.081105,-0.0853876
315.8120709,123.549211,-294.6105014,3.0126604,0.0392381,16.0704882,1.7049229
317.8108814,123.3668821,-296.5955889,3.0866258,0.0365809,16.2811617,2.1375941
319.809692,123.3298741,-298.5973401,-3.1238043,0.0358935,16.541509,2.0077579
321.8085026,123.4356984,-300.5889131,-3.0536748,0.0344908,16.782365,2.1097201
323.8073132,123.6789172,-302.573588,-2.9862777,0.0326231,17.0317831,2.3553482
325.8061237,124.0521981,-304.5426089,-2.9227891,0.0308597,17.3059939,2.5704116
327.8049343,124.5434621,-306.4789648,-2.8645787,0.0275289,17.6003681,3.2786764
329.8037449,125.1421944,-308.3901431,-2.8125632,0.0239992,17.9688582,4.0493434
331.8025555,125.8301122,-310.2656524,-2.7689254,0.019761,18.4137884,5.0877761
333.801366,126.5947145,-312.1183412,-2.7323498,0.0169151,18.9580222,5.0753709
335.8001766,127.4175849,-313.9355334,-2.7012949,0.014463,19.4857901,5.06269
337.7989872,128.2945969,-315.731574,-2.6739163,0.0129071,19.9983682,5.0500408
339.7977978,129.2188334,-317.5063898,-2.6494591,0.0116256,20.4968993,5.0374232
341.7966083,130.1812691,-319.2542709,-2.6274804,0.010418,20.9823876,5.0248371
343.7954189,131.181581,-320.9847069,-2.607826,0.0092268,21.4557215,5.0122825
345.7942295,132.2124331,-322.6947615,-2.5909502,0.0075491,21.9176913,-6.6922688
347.7930401,133.2682782,-324.3883607,-2.5782768,0.0042173,21.2986393,-10.3558617
349.7918506,134.3394416,-326.0766111,-2.576255,-0.0021523,20.3035274,-9.1578845
351.7906612,135.4026986,-327.7681925,-2.5866288,-0.0081914,19.381008,-7.3643052
353.7894718,136.4398447,-329.4798211,-2.6089589,-0.0140158,18.6060144,-5.8662484
355.7882824,137.4274338,-331.2176618,-2.64255,-0.0196307,17.9647636,-4.6971189
357.7870929,138.3473103,-332.9946589,-2.6869288,-0.0246512,17.4343176,-3.6483492
359.7859035,139.1776022,-334.8131452,-2.7412625,-0.0294864,17.0108998,-2.6965344
361.7847141,139.8985382,-336.6750662,-2.8045849,-0.0340197,16.6910452,-1.9231588
363.7835247,140.4933034,-338.5867008,-2.8765631,-0.0378222,16.459129,-1.2462113
365.7823352,140.9408821,-340.5336709,-2.9558043,-0.0410648,16.3070858,-0.7138966
367.7811458,141.2271016,-342.5070511,-3.0401334,-0.043527,16.2193452,-0.5304004
369.7799564,141.3421661,-344.5047044,-3.1283305,-0.0445788,16.1538485,-0.3122454
371.778767,141.2791073,-346.5002741,3.0647966,-0.0456301,16.1151662,-0.2576757
373.7775775,141.0350191,-348.4805965,2.9729087,-0.0460203,16.0831742,-0.163602
375.7763881,140.6110067,-350.4322147,2.8832443,-0.0434996,16.0628289,-0.9342057
377.7751987,140.0195257,-352.33476,2.79673,-0.0441432,15.9461554,-0.7254941
379.7740093,139.2595075,-354.1860578,2.7069072,-0.0454755,15.8549557,-0.2592411
381.7728198,138.3337859,-355.9608329,2.6140382,-0.0475236,15.8222398,-0.2295196
383.7716304,137.2467674,-357.6373277,2.5186594,-0.0478153,15.7932182,-0.1849929
385.770441,136.0022096,-359.2047402,2.422212,-0.0481347,15.7697879,-0.1550415
387.7692516,134.6158289,-360.6419064,2.3260668,-0.0483741,15.7501242,-0.1550415
389.7680621,133.0935321,-361.9443131,2.2320891,-0.0452325,15.730436,0.6527178
391.7668727,131.4655033,-363.0997119,2.1454591,-0.0403963,15.813157,1.7423736
393.7656833,129.752117,-364.1199846,2.0731233,-0.0321533,16.0318833,3.5752759
395.7644939,127.9734534,-365.0244098,2.0095826,-0.0312938,16.4716084,3.3399836
397.7633044,126.1432251,-365.8157749,1.9486674,-0.0299714,16.8720441,3.2902349
399.762115,124.2597119,-366.4993942,1.8895713,-0.0290215,17.2574327,3.1707207
401.7609256,122.3475046,-367.0701681,1.8323901,-0.028336,17.6208491,3.0077886
403.7597362,120.4023934,-367.5328051,1.7765933,-0.0272943,17.9587951,2.9955108
405.7585467,118.4315407,-367.8889748,1.722869,-0.0262936,18.2891564,2.9959087
407.7573573,116.4492867,-368.1409859,1.6722595,-0.0244158,18.6136979,3.3241134
409.7561679,114.4568869,-368.2959517,1.625159,-0.0226642,18.9672954,3.6215316
411.7549785,112.4585524,-368.3606163,1.5817828,-0.0207441,19.3451752,4.0029139
413.753789,110.4617318,-368.3419928,1.5415551,-0.0195491,19.754441,4.1272946
415.7525996,108.4654762,-368.2453013,1.50359,-0.0184982,20.1677291,4.2218933
417.7514102,106.4720648,-368.0746354,1.4674895,-0.0175975,20.5819054,4.2806901
419.7502208,104.4894964,-367.8343446,1.4331327,-0.0168252,20.9935087,4.3092107
421.7490313,102.5135157,-367.5271066,1.4001954,-0.0161077,21.3998598,4.3371956
423.7478419,100.5489147,-367.1564626,1.368684,-0.0154303,21.8012032,4.3690485
425.7466525,98.596662,-366.7254209,1.3385391,-0.0147193,22.198159,4.438975
427.7454631,96.6578913,-366.2370804,1.3097817,-0.0140264,22.5943268,4.520383
429.7442736,94.7339027,-365.6946836,1.2824945,-0.0132868,22.9907456,4.6465762
431.7430842,92.8235607,-365.1009243,1.2566646,-0.0125152,23.3912298,4.8103349
433.7418948,90.9315806,-364.4605335,1.2324417,-0.0117267,23.7987296,4.9460128
435.7407054,89.0520415,-363.7748884,1.2098519,-0.0108643,24.2105724,4.9336551
437.7395159,87.1886977,-363.0488709,1.1889344,-0.010059,24.6145221,4.9213283
439.7383265,85.3447168,-362.2874122,1.1697305,-0.0090591,25.0109637,4.9090323
441.7371371,83.5099936,-361.4915043,1.1540934,-0.0065492,25.4002511,4.896767
443.7359477,81.6875201,-360.6723792,1.1434803,-0.0041716,25.7827108,4.8845324
445.7347582,79.8720307,-359.8381178,1.1373518,-0.0020637,26.1586446,4.8723283
447.7335688,78.0590311,-358.9950551,1.1339523,-0.0013347,26.5283322,4.8601547
449.7323794,76.2489736,-358.1474288,1.1318947,-0.0008162,26.8920335,4.8480116
451.73119,74.4407473,-357.297041,1.1306241,-0.0004554,27.2499905,4.8358988
453.7300005,72.6324926,-356.4446276,1.1300724,-9.61E-05,27.6024287,4.8238162
455.7288111,70.8247838,-355.5920471,1.1302399,0.0002633,27.9495592,4.8117638
457.7276217,69.0167306,-354.740467,1.1311234,0.0006071,28.2915795,4.7997416
459.7264323,67.2074457,-353.8909036,1.13254,0.0008103,28.6286748,4.7877494
461.7252428,65.3970669,-353.0442955,1.1341243,0.0006218,28.9610191,4.7757871
463.7240534,63.5853132,-352.1997582,1.1349249,0.0001658,29.2887762,4.7638547
465.722864,61.7735574,-351.3558854,1.1346865,-0.0004039,29.6121006,4.7519522
467.7216746,59.9628305,-350.5106482,1.1331706,-0.0011972,29.9311377,-3.5001068
469.7204851,58.153494,-349.6607719,1.1298551,-0.002141,29.6964797,-9.7981681
471.7192957,56.3489675,-348.8036215,1.1244753,-0.0032378,29.0294943,-9.0777214
473.7181063,54.549929,-347.9348013,1.1169758,-0.0042488,28.3975747,-8.4461769
475.7169169,52.7557299,-347.049453,1.1075054,-0.0052245,27.7967198,-7.8203804
477.7157274,50.9735454,-346.1467272,1.0960294,-0.0062625,27.2285643,-7.2676678
479.714538,49.2019371,-345.2213298,1.0824962,-0.0072683,26.6897234,-6.77422
481.7133486,47.4426073,-344.269553,1.0669723,-0.008251,26.1774821,-6.3305705
483.7121592,45.7013336,-343.290092,1.0495249,-0.0092157,25.6895571,-5.9287726
485.7109697,43.9774156,-342.278158,1.0301444,-0.0101672,25.2240433,-5.5609326
487.7097803,42.273723,-341.2309588,1.0088687,-0.0111117,24.7794644,-5.2301763
489.7085909,40.595139,-340.1471213,0.9857425,-0.012039,24.3539236,-4.915488
491.7074015,38.942341,-339.0226777,0.960736,-0.0129789,23.9470945,-4.6160595
493.706212,37.3192451,-337.8557095,0.9338423,-0.0139292,23.5586519,-4.3316946
495.7050226,35.7295761,-336.6442453,0.9050494,-0.0148865,23.1882212,-4.0153574
497.7038332,34.1765227,-335.3858955,0.8742877,-0.0159318,22.8394774,-3.6528896
499.7026438,32.6644426,-334.0787981,0.8412883,-0.0170875,22.5175233,-3.4902101
501.7014543,31.197883,-332.7210541,0.8062759,-0.0178832,22.205547,-3.4876567
503.7002649,29.7801724,-331.3111567,0.7698688,-0.0183135,21.8893579,-3.4971868
505.6990755,28.4150603,-329.8506933,0.7335432,-0.0180687,21.5676508,-3.861234
507.6978861,27.1020033,-328.3399326,0.6975036,-0.0179384,21.2067869,-4.1914179
509.6966966,25.8468976,-326.7865864,0.6616972,-0.0179174,20.8079819,-4.4868483
511.6955072,24.6462246,-325.1867333,0.625964,-0.01782,20.3724174,-4.8414617
513.6943178,23.5035436,-323.5453087,0.5902775,-0.0179078,19.8917335,-5.1426536
515.6931284,22.4231308,-321.868502,0.5544203,-0.0181775,19.368084,-5.4117597
517.6919389,21.4025067,-320.1499521,0.5170946,-0.0191063,18.8012902,-4.9319654
519.6907495,20.4492776,-318.3945395,0.4768735,-0.0218012,18.2694386,-4.1834588
521.6895601,19.572851,-316.5979566,0.4296665,-0.0252791,17.8058558,-3.6428682
523.6883707,18.7881121,-314.7595187,0.3762172,-0.0282532,17.3921159,-3.2727507
525.6871812,18.1078391,-312.8785088,0.3170096,-0.0307811,17.0118334,-2.96872
527.6859918,17.5452779,-310.9614081,0.253037,-0.0331661,16.6593715,-2.7289643
529.6848024,17.1108278,-309.0111265,0.1845877,-0.0353968,16.3286648,-2.6672501
531.683613,16.8149726,-307.0340488,0.1119556,-0.0370864,15.9988324,-2.2511485
533.6824235,16.666589,-305.0438452,0.0359834,-0.0400999,15.7150692,-1.0570357
535.6812341,16.6786315,-303.0456556,-0.0499087,-0.0457064,15.580044,-0.151333
537.6800447,16.8716226,-301.05921,-0.1450417,-0.0495596,15.5606169,-0.151333
539.6788553,17.2599362,-299.0992022,-0.2460231,-0.0490973,15.5411656,-0.0093272
541.6776658,17.8385185,-297.1842113,-0.3391379,-0.0440924,15.5399659,1.2011811
543.6764764,18.5807797,-295.3305746,-0.4203717,-0.03733,15.693706,2.6519672
545.675287,19.4601842,-293.5353759,-0.4883306,-0.030406,16.0279121,4.0283336
547.6740976,20.4471987,-291.7966653,-0.5418974,-0.0233186,16.5226426,5.1293764
549.6729081,21.5137138,-290.1081242,-0.5829351,-0.0177435,17.1319299,5.1165606
551.6717187,22.6393511,-288.4594741,-0.6142508,-0.0147329,17.7188344,5.1037768
553.6705293,23.8164944,-286.8402656,-0.6425663,-0.0134851,18.285515,5.091025
555.6693399,25.0331663,-285.2576669,-0.6676658,-0.0116988,18.8338007,5.078305
557.6681504,26.2892669,-283.7005238,-0.6893016,-0.0098504,19.3652573,5.0656168
559.666961,27.5759046,-282.1683897,-0.7071287,-0.0079896,19.8812375,5.0529602
561.6657716,28.8867113,-280.6571028,-0.7211927,-0.0060862,20.38292,5.0403354
563.6645822,30.2160265,-279.1615866,-0.7313253,-0.0038638,20.8713386,5.027742
565.6633928,31.5527648,-277.6807914,-0.7364276,-0.001218,21.347407,2.3946026
567.6622033,32.8978716,-276.1963769,-0.7345175,0.0031655,21.5704543,-9.0907662
569.6610139,34.2308665,-274.706464,-0.7238073,0.0074073,20.7109406,-7.6557262
571.6598245,35.538609,-273.2005064,-0.704955,0.011531,19.9584159,-6.3861286
573.6586351,36.8161669,-271.6590008,-0.6777404,0.0156833,19.3082636,-5.1701802
575.6574456,38.0423437,-270.0811962,-0.6421059,0.0200201,18.7654102,-3.9815119
577.6562562,39.2028485,-268.4579074,-0.5977471,0.0244736,18.3364131,-2.8235668
579.6550668,40.2840337,-266.7776948,-0.5443456,0.0288657,18.025995,-1.7532314
581.6538774,41.2659087,-265.0395627,-0.4827514,0.0328549,17.8305283,-0.8203357
583.6526879,42.1331479,-263.2376908,-0.4132373,0.0361557,17.7383299,-0.1961651
585.6514985,42.8680564,-261.3785749,-0.338966,0.0382331,17.7162116,-0.1961651
587.6503091,43.4599657,-259.4693662,-0.2624774,0.0379742,17.6940657,-0.0846453
589.6491197,43.9053243,-257.5204359,-0.1870661,0.0372401,17.6845012,0.1580036
591.6479302,44.2042738,-255.5454623,-0.1137199,0.0362526,17.7023507,0.4435557
593.6467408,44.3595565,-253.5522665,-0.0420643,0.0353974,17.7523629,0.647657
595.6455514,44.3733234,-251.5548275,0.0283733,0.035625,17.825136,0.4820772
597.644362,44.2448279,-249.5607372,0.1006545,0.0363677,17.8791117,0.1748045
599.6431725,43.9731729,-247.5809752,0.1714664,0.0345437,17.8986435,0.7333032
601.6419831,43.5656191,-245.6243665,0.2384902,0.032328,17.9803478,1.3465266
603.6407937,43.0325522,-243.6981976,0.3006896,0.0298917,18.1294184,1.9699143
605.6396043,42.3854439,-241.8073004,0.3579452,0.0274179,18.3453204,2.5621384
607.6384148,41.6364667,-239.9553525,0.4095124,0.023997,18.6223855,3.4612657
609.6372254,40.7999663,-238.1423124,0.4540974,0.0213128,18.9902625,4.0885665
611.636036,39.8848831,-236.3631016,0.4955613,0.0200654,19.415834,4.2002333
613.6348466,38.9022811,-234.6292269,0.5357146,0.0203126,19.8435267,3.755497
615.6336571,37.8471811,-232.9316252,0.5765316,0.0204817,20.218274,3.3720241
617.6324677,36.7201085,-231.2738978,0.6177179,0.0206202,20.5489338,3.0290354
619.6312783,35.5323483,-229.6728371,0.6588293,0.0206473,20.8414878,2.759993
621.6300889,34.2749184,-228.1163799,0.700229,0.0206514,21.1045261,2.5234528
623.6288994,32.9540062,-226.6129876,0.7415319,0.0206706,21.3421843,2.3000853
625.62771,31.5751576,-225.1681605,0.7823438,0.0201366,21.5565234,2.3523997
627.6265206,30.1377534,-223.778506,0.8220409,0.0195628,21.7735551,2.4292238
629.6253312,28.6472344,-222.4462202,0.8605479,0.0189597,21.9954272,2.5249528
631.6241417,27.1086365,-221.1725286,0.8979476,0.0185266,22.2236951,2.5411682
633.6229523,25.5217034,-219.9549872,0.9346592,0.0181941,22.4510858,2.5142085
635.6217629,23.893185,-218.7971688,0.9707566,0.0179438,22.6738198,2.4537301
637.6205735,22.2237827,-217.6982269,1.0064158,0.0177468,22.8891063,2.374788
639.619384,20.515065,-216.6583915,1.0417717,0.0176127,23.0955557,2.2719178
641.6181946,18.7728635,-215.6805031,1.0768365,0.0174992,23.2913494,2.1678709
643.6170052,16.9962121,-214.7634753,1.1117543,0.017419,23.476654,2.0549864
645.6158158,15.1891086,-213.9090674,1.1465083,0.0173649,23.6509691,1.9369944
647.6146263,13.353107,-213.1177435,1.1811728,0.017309,23.8141074,1.8294299
649.6134369,11.4912536,-212.3906012,1.2157498,0.0172713,23.9671667,1.7198964
651.6122475,9.6051156,-211.7280378,1.2501866,0.0171929,24.1101757,1.6424229
653.6110581,7.6966867,-211.1305181,1.2845424,0.0171661,24.2459555,1.5412028
655.6098686,5.7717301,-210.5996126,1.3188369,0.0171794,24.3726794,1.4236865
657.6086792,3.8267739,-210.1341729,1.3528598,0.0168237,24.489158,1.5356915
659.6074898,1.8697339,-209.7348044,1.3858705,0.0160449,24.6141824,0.166579
661.6063004,-0.1003418,-209.3980589,1.4167249,0.0148176,24.6277058,-3.3472121
663.6051109,-2.079105,-209.1200086,1.4453607,0.0138863,24.3545275,-4.1015181
665.6039215,-4.0655819,-208.896916,1.4723262,0.0132522,24.0155511,-4.7011174
667.6027321,-6.057029,-208.7267038,1.4986979,0.0131327,23.6210374,-5.0096727
669.6015427,-8.0516678,-208.608905,1.5249426,0.0131883,23.1932454,-5.2316749
671.6003532,-10.0500277,-208.5436813,1.5514386,0.0133241,22.7379062,-5.4251624
673.5991638,-12.0479398,-208.5317397,1.5782687,0.0135302,22.2558899,-5.6013316
675.5979744,-14.0457759,-208.5738454,1.6055916,0.013892,21.7470144,-5.7208611
677.596785,-16.0435415,-208.6715206,1.6338698,0.0143784,21.2146836,-5.4786798
679.5955955,-18.034199,-208.8268755,1.6640009,0.015856,20.6920543,-5.0286293
681.5944061,-20.0213129,-209.0454803,1.6973239,0.0177092,20.2004593,-4.3559319
683.5932167,-21.9991101,-209.3344173,1.7352247,0.0201928,19.7647462,-3.6035453
685.5920273,-23.9621933,-209.7027096,1.7782032,0.0229418,19.3968962,-2.7757738
687.5908378,-25.9096762,-210.1614328,1.8270226,0.0258869,19.1087177,-1.8941624
689.5896484,-27.8241308,-210.7183483,1.881744,0.0288875,18.9095465,-1.6208045
691.588459,-29.7069273,-211.3855467,1.9414143,0.0301876,18.7374381,-1.5963209
693.5872696,-31.5494095,-212.1662981,2.0018069,0.030205,18.5663701,-1.7549548
695.5860801,-33.3393211,-213.055586,2.0618144,0.0297477,18.3764647,-2.1339961
697.5848907,-35.0766356,-214.0521008,2.1213672,0.0297779,18.1428649,-2.3376443
699.5837013,-36.7508805,-215.1492002,2.1801415,0.0290584,17.8834709,-2.849112
701.5825119,-38.3573751,-216.3411636,2.2380253,0.0286579,17.5621428,-3.2814509
703.5813224,-39.8919012,-217.6222118,2.2945612,0.0279612,17.1846112,-3.8534807
705.580133,-41.3551405,-218.9897108,2.3499889,0.0273151,16.7303947,-4.4517463
707.5789436,-42.7321771,-220.4250136,2.4035848,0.0266505,16.1898027,-4.6613719
709.5777542,-44.0400116,-221.9468817,2.4611706,0.0307662,15.6036954,-4.0003708
711.5765647,-45.2448227,-223.5373804,2.5270812,0.0357908,15.082551,-3.0479011
713.5753753,-46.3327267,-225.2099769,2.6048881,0.0422048,14.6730703,-2.1747732
715.5741859,-47.2787138,-226.9730646,2.6953442,0.0481806,14.3737633,-1.2125813
717.5729965,-48.0486511,-228.8142571,2.7977048,0.0540922,14.2041413,-0.1257842
719.571807,-48.6160864,-230.7292661,2.9111917,0.0596259,14.1864299,-0.1257842
721.5706176,-48.9555811,-232.6996722,3.0291618,0.0560859,14.1686963,0.6151673
723.5694282,-49.0720907,-234.6911343,3.1352648,0.0503845,14.2552152,1.634294
725.5682388,-48.9883715,-236.6864182,-3.0536044,0.0437755,14.4825567,2.6872346
727.5670493,-48.730508,-238.6625262,-2.971341,0.039523,14.8488045,3.1478963
729.5658599,-48.316338,-240.6190769,-2.8960371,0.0348739,15.2666661,3.7262363
731.5646705,-47.7686569,-242.5403316,-2.8343767,0.0269905,15.7469735,5.1450205
733.5634811,-47.1186181,-244.4299702,-2.7895653,0.017124,16.3870381,5.1321656
735.5622916,-46.4023862,-246.3006447,-2.7658044,0.0064977,17.0015138,2.0730425
737.5611022,-45.6641218,-248.1578854,-2.7645803,-0.0052432,17.2435121,-7.7974234
739.5599128,-44.94417,-250.0256272,-2.7864881,-0.0164142,16.3146426,-5.4190047
741.5587234,-44.2876413,-251.9111423,-2.8302657,-0.0275406,15.6366376,-3.7352635
743.5575339,-43.7324261,-253.8364611,-2.894424,-0.0366256,15.1516424,-2.4226151
745.5563445,-43.3209628,-255.7912362,-2.9764195,-0.0441808,14.8286065,-1.7057599
747.5551551,-43.0831126,-257.7716594,-3.0692943,-0.0489392,14.5968691,-0.4629695
749.5539657,-43.0404008,-259.771651,3.1098625,-0.0552465,14.5333345,-0.1316821
751.5527762,-43.2173058,-261.7577903,2.9948479,-0.0569553,14.5152126,-0.1316821
753.5515868,-43.6170057,-263.7149037,2.8876552,-0.0502617,14.497068,1.3053883
755.5503974,-44.208493,-265.6156221,2.7945572,-0.0429903,14.6759473,2.6059958
757.549208,-44.9626516,-267.4640216,2.7156725,-0.0381101,15.0266834,3.2535652
759.5480185,-45.8591829,-269.2539954,2.6386082,-0.0387957,15.4534053,2.5860427
761.5468291,-46.8851797,-270.9593328,2.5613735,-0.0387487,15.7843516,2.1902107
763.5456397,-48.0505262,-272.5945442,2.4834513,-0.0386372,16.0593084,1.8742362
765.5444503,-49.3299148,-274.1247962,2.4072864,-0.0378894,16.2909138,1.7785226
767.5432608,-50.7264855,-275.5589411,2.3319982,-0.0368592,16.5076871,1.7854094
769.5420714,-52.2247397,-276.8858674,2.2597055,-0.0355013,16.7224736,1.897589
771.540882,-53.8120545,-278.1029799,2.1912057,-0.0327095,16.9477717,2.4254244
773.5396926,-55.4748915,-279.2129649,2.1284025,-0.0302459,17.2314507,2.8337152
775.5385031,-57.2031915,-280.2210294,2.0699254,-0.0282031,17.5570787,3.1137001
777.5373137,-58.983281,-281.1288249,2.0153946,-0.0266239,17.9080542,3.2613303
779.5361243,-60.8090086,-281.9404418,1.9631163,-0.0257156,18.2684419,3.2091825
781.5349349,-62.6767743,-282.6580895,1.9123479,-0.0250962,18.6162581,3.0859266
783.5337454,-64.5724217,-283.2792871,1.8627238,-0.0246701,18.944694,2.9215362
785.532556,-66.5052266,-283.808645,1.813617,-0.0243786,19.2504708,2.7341504
787.5313666,-68.4553209,-284.2416488,1.764981,-0.0243356,19.5322995,2.4772452
789.5301772,-70.4232125,-284.579276,1.7164791,-0.0242155,19.7841808,2.2770945
791.5289877,-72.4072098,-284.8221693,1.669345,-0.0225918,20.0129151,2.7012949
793.5277983,-74.3973231,-284.9752349,1.6265581,-0.0202472,20.2809153,3.41492
795.5266089,-76.395394,-285.0477792,1.5883838,-0.0179464,20.6147297,4.1077835
797.5254195,-78.3945596,-285.0485756,1.5547524,-0.0157007,21.0092466,4.7940403
799.52423,-80.3907091,-284.9867378,1.5256601,-0.0134262,21.4605033,5.0121542
801.5230406,-82.3876425,-284.8711696,1.5010746,-0.0111504,21.9223606,4.9996313
803.5218512,-84.3797243,-284.7112446,1.4810203,-0.0090076,22.3735676,4.9871397
805.5206618,-86.3682409,-284.5154832,1.4649611,-0.0070611,22.8147588,4.9746792
807.5194723,-88.3552795,-284.2909086,1.4517216,-0.0063936,23.2465074,4.9622499
809.5182829,-90.3376909,-284.0411524,1.4393361,-0.0060802,23.6693325,4.9498517
811.5170935,-92.3176689,-283.7671195,1.4272087,-0.0060538,24.0837068,4.9374844
813.5159041,-94.2945981,-283.4690843,1.4151341,-0.0060246,24.4900617,4.925148
815.5147146,-96.266505,-283.1474778,1.4031274,-0.0059932,24.8887926,4.9128425
817.5135252,-98.2358438,-282.8020261,1.39118,-0.0059586,25.2802627,4.9005677
819.5123358,-100.2006296,-282.4331855,1.3792795,-0.0059603,25.6648066,4.8883236
821.5111464,-102.1593764,-282.0412686,1.3673503,-0.0059741,26.0427334,4.87611
823.5099569,-104.1153195,-281.6256733,1.355569,-0.0058067,26.4143295,4.863927
825.5087675,-106.06528,-281.1876432,1.3441611,-0.0055909,26.7798607,4.8517744
827.5075781,-108.0098044,-280.7279615,1.3332436,-0.0053361,27.1395743,4.8396522
829.5063887,-109.950569,-280.2472366,1.322801,-0.0051098,27.4937009,4.8275603
831.5051992,-111.8856071,-279.7468978,1.3128148,-0.0048829,27.8424559,4.8154985
833.5040098,-113.8154036,-279.2277724,1.3032852,-0.0046537,28.1860406,4.8034669
835.5028204,-115.7410633,-278.6904992,1.2942061,-0.0044292,28.5246442,4.7914654
837.501631,-117.6613542,-278.1363533,1.2855785,-0.0042048,28.858444,4.7794939
839.5004415,-119.5768624,-277.566107,1.2773986,-0.0039806,29.1876069,4.7675523
841.4992521,-121.48824,-276.9804944,1.2696645,-0.0037571,29.5122901,4.7556405
843.4980627,-123.3947585,-276.3806728,1.2623796,-0.0035329,29.8326418,4.7437584
845.4968733,-125.297041,-275.7673893,1.2555427,-0.0033083,30.148802,4.7319061
847.4956838,-127.1955124,-275.141446,1.2491548,-0.0030827,30.4609033,4.7200834
849.4944944,-129.0897683,-274.5039256,1.2432197,-0.0028561,30.7690711,4.7082902
851.493305,-130.9804551,-273.8555682,1.2377387,-0.0026281,31.0734243,4.6965264
853.4921156,-132.8678929,-273.1972242,1.2327143,-0.0023986,31.3740758,4.6847921
855.4909261,-134.7518749,-272.5299377,1.2281508,-0.0021676,31.6711328,4.6730871
857.4897367,-136.6330858,-271.8544463,1.2240506,-0.0019349,31.9646975,4.6614113
859.4885473,-138.5117952,-271.1716394,1.2204169,-0.0017003,32.2548669,4.6497647
861.4873579,-140.3879063,-270.4825499,1.2172542,-0.0014642,32.5417338,4.6381472
863.4861684,-142.2621695,-269.787908,1.2145652,-0.0012262,32.8253864,4.6265588
865.484979,-144.1348135,-269.0886418,1.2123534,-0.0009864,33.1059092,4.6149992
867.4837896,-146.0057919,-268.3857914,1.2106213,-0.0007521,33.3833827,4.6034686
869.4826002,-147.8759367,-267.6800321,1.2093256,-0.0005443,33.6578842,4.5919668
871.4814107,-149.7453633,-266.9721874,1.2083798,-0.0004321,33.9294873,4.5804937
873.4802213,-151.6138557,-266.2628473,1.2075831,-0.0003711,34.1982629,4.5690493
875.4790319,-153.4821161,-265.5519926,1.2068679,-0.0003445,34.4642788,4.5576334
877.4778425,-155.3499162,-264.8398344,1.2061936,-0.0003362,34.7276001,4.5462461
879.476653,-157.216867,-264.1265618,1.2055205,-0.0003383,34.9882891,4.5348873
881.4754636,-159.0837297,-263.4118731,1.2048364,-0.0003462,35.246406,4.5235568
883.4742742,-160.9500109,-262.6959253,1.2041359,-0.0003548,35.5020085,4.5122546
885.4730848,-162.8153639,-261.9788165,1.2034222,-0.0003379,35.7551519,4.5009807
887.4718953,-164.6806337,-261.2603656,1.2029048,-0.0001798,36.0058899,4.4894404
889.4707059,-166.5455726,-260.5412595,1.2026754,-6.49E-05,36.2542575,4.4658051
891.4695165,-168.4104002,-259.8219164,1.2026356,1.54E-05,36.4996409,4.4423781
893.4683271,-170.2753226,-259.1025694,1.2026823,3.13E-05,36.7421111,4.4191552
895.4671376,-172.1402699,-258.3833438,1.2027542,3.7E-05,36.9817365,4.3961326
897.4659482,-174.0051938,-257.6642855,1.2028284,3.72E-05,37.2185829,4.3733065
899.4647588,-175.8702616,-256.945331,1.2029031,3.74E-05,37.4527133,4.3506733
901.4635694,-177.7353689,-256.2265216,1.2029781,3.76E-05,37.6841887,4.3282293
903.4623799,-179.6004623,-255.5078786,1.2030535,3.78E-05,37.9130676,4.3059712
905.4611905,-181.4656864,-254.7893471,1.2031292,3.8E-05,38.1394066,4.2838957
907.4600011,-183.3309529,-254.0709621,1.2032054,3.82E-05,38.3632602,4.2619997
909.4588117,-185.1962198,-253.3527404,1.203282,3.84E-05,38.5846808,4.24028
911.4576222,-187.0616025,-252.6346386,1.2033589,3.86E-05,38.8037192,4.2187337
913.4564328,-188.9270303,-251.9166847,1.2034363,3.88E-05,39.0204244,4.1973578
915.4552434,-190.7924735,-251.198891,1.2035141,3.9E-05,39.2348438,4.1761497
917.454054,-192.6580172,-250.4812257,1.2035923,3.92E-05,39.4470231,4.1551066
919.4528645,-194.5236088,-249.7637099,1.2036709,3.95E-05,39.6570066,4.1342258
921.4516751,-196.3892308,-249.0463513,1.20375,3.97E-05,39.8648372,4.1135049
923.4504857,-198.2549386,-248.3291296,1.2038296,3.99E-05,40.0705562,4.0947052
925.4492963,-200.1206964,-247.6120596,1.2039096,4.02E-05,40.2742915,4.0793811
927.4481068,-201.9864999,-246.895144,1.2039902,4.04E-05,40.4762446,4.0641399
929.4469174,-203.8523751,-246.1783738,1.2040713,4.07E-05,40.6764461,4.0489806
931.445728,-205.7183019,-245.461758,1.2041529,4.1E-05,40.8749258,4.0339021
933.4445386,-207.5842901,-244.745294,1.204235,4.12E-05,41.0717126,4.0189037
935.4433491,-209.450337,-244.028984,1.2043179,4.17E-05,41.2668345,4.0039844
937.4421597,-211.3164346,-243.3128326,1.2044013,4.17E-05,41.4603189,3.9891433
939.4409703,-213.1826117,-242.5968294,1.2044848,4.2E-05,41.6521923,3.9743795
941.4397809,-215.0488353,-241.8809889,1.2045705,4.38E-05,41.8424806,3.9596922
943.4385914,-216.9151136,-241.1653134,1.2046567,4.09E-05,42.0312091,3.9450807
945.437402,-218.7814563,-240.4497881,1.2047343,4.1E-05,42.2184021,3.930544
947.4362126,-220.6478264,-239.7344397,1.2048408,6.56E-05,42.4040835,2.1485349
949.4350232,-222.514222,-239.0193722,1.2050174,0.0001209,42.5052388,-12.7862134
951.4338337,-224.3810117,-238.3046717,1.2053263,0.0001772,41.8996526,-12.7710745
953.4326443,-226.2478925,-237.5906652,1.2056758,0.0001726,41.2859174,-12.7701184
955.4314549,-228.1150134,-236.8773023,1.2060103,0.0001592,40.6629669,-12.770127
957.4302655,-229.9825179,-236.1644736,1.2063111,0.0001415,40.0303229,-12.7747745
959.429076,-231.8500735,-235.4522301,1.2065753,0.0001229,39.3872827,-12.7789961
961.4278866,-233.7177976,-234.7404478,1.2068023,0.0001043,38.7333507,-12.7811685
963.4266972,-235.5858225,-234.0289968,1.2069923,8.58E-05,38.068073,-12.7798011
965.4255078,-237.4538235,-233.3179218,1.2071453,6.72E-05,37.3910334,-12.7763043
967.4243183,-239.321916,-232.6070993,1.2072611,4.87E-05,36.7016969,-12.7709034
969.4231289,-241.1902232,-231.8964033,1.2073399,3.01E-05,35.9994628,-12.7636245
971.4219395,-243.0584293,-231.1858746,1.2073816,1.16E-05,35.2836674,-12.7361244
973.4207501,-244.9266516,-230.4753889,1.2073853,-8.5E-06,34.5546377,-12.6792415
975.4195606,-246.7950049,-229.764817,1.2073472,-3.09E-05,33.8132546,-12.6160512
977.4183712,-248.6631641,-229.0541828,1.207255,-6.13E-05,33.0590682,-12.5544699
979.4171818,-250.5312414,-228.3433172,1.2071011,-9.32E-05,32.291082,-12.495435
981.4159924,-252.3993339,-227.6320471,1.206882,-0.000126,31.5081253,-12.4397859
983.4148029,-254.2670836,-226.9203692,1.2065976,-0.0001586,30.7088328,-12.3875374
985.4136135,-256.1346215,-226.2080937,1.2062479,-0.0001913,29.8916665,-12.2990388
987.4124241,-258.0020483,-225.495042,1.2058267,-0.0002708,29.0576123,-11.9773523
989.4112347,-259.8688435,-224.7809113,1.2049028,-0.0006534,28.2216923,-11.0339644
991.4100452,-261.7346846,-224.064107,1.2026688,-0.001909,27.4290777,-9.7878714
993.4088558,-263.5978858,-223.3400939,1.1970719,-0.0037266,26.7062933,-8.4486555
995.4076664,-265.4553855,-222.6021517,1.187499,-0.0058518,26.066292,-7.223485
997.406477,-267.3041677,-221.8425214,1.1736862,-0.007967,25.5063683,-6.0783383
999.4052875,-269.1406938,-221.0535159,1.1556509,-0.0100804,25.0255055,-4.9877893
1001.4040981,-270.9604984,-220.2278752,1.1333901,-0.0121899,24.6239038,-3.9763133
1003.4029087,-272.7598493,-219.3580869,1.1069871,-0.0142143,24.2989885,-2.9567665
1005.4017193,-274.5343099,-218.4372373,1.0765513,-0.0162539,24.0545382,-1.8649059
1007.4005298,-276.2758354,-217.4603442,1.0419278,-0.0183696,23.8990716,-1.7545942
1009.3993404,-277.9795096,-216.4212455,1.0041893,-0.0187857,23.7518719,-1.7041181
1011.398151,-279.6500245,-215.3144761,0.9674448,-0.0178508,23.6080283,-2.3337747
1013.3969616,-281.2723185,-214.154649,0.9332358,-0.0165252,23.4096017,-3.2392323
1015.3957721,-282.8619509,-212.9367339,0.9011344,-0.0156078,23.131369,-3.9499596
1017.3945827,-284.4103612,-211.6715906,0.8705283,-0.0150563,22.7874919,-4.4731841
1019.3933933,-285.9218917,-210.35877,0.8409444,-0.0144942,22.391688,-5.0161248
1021.3922039,-287.3922687,-209.0048635,0.8124378,-0.0140094,21.9393511,-5.5263692
1023.3910144,-288.8238592,-207.6106634,0.7850073,-0.0134491,21.4299509,-6.1035575
1025.389825,-290.2189473,-206.1763821,0.7579053,-0.0138687,20.8528915,-6.0969582
1027.3886356,-291.570353,-204.7076793,0.72944,-0.0150062,20.2600532,-5.3218277
1029.3874462,-292.8787728,-203.1962364,0.6966837,-0.0177839,19.7280284,-4.7544704
1031.3862567,-294.133458,-201.6383923,0.65858,-0.0201975,19.2402841,-4.2696271
1033.3850673,-295.3220741,-200.0340722,0.615926,-0.0225166,18.7914923,-3.8192326
1035.3838779,-296.4385694,-198.3761027,0.5686149,-0.024839,18.38076,-3.3945187
1037.3826885,-297.4719773,-196.6637511,0.5165972,-0.027162,18.007841,-2.9567344
1039.381499,-298.4092,-194.9011001,0.4599921,-0.0295669,17.676607,-2.5452806
1041.3803096,-299.2413611,-193.0849567,0.3985373,-0.0319023,17.3864133,-1.7070505
1043.3791202,-299.9557401,-191.2189314,0.331469,-0.0354617,17.1890438,-0.8989728
1045.3779308,-300.5363165,-189.3067634,0.2569926,-0.0386592,17.0841878,-0.1819638
1047.3767413,-300.9675753,-187.3558522,0.1772677,-0.041217,17.0628852,-0.1819638
1049.3755519,-301.2394455,-185.374962,0.0960825,-0.0397633,17.0415559,0.2706559
1051.3743625,-301.3531018,-183.3795301,0.0184663,-0.0374909,17.0732717,0.8893573
1053.3731731,-301.3172026,-181.383033,-0.0534361,-0.0343387,17.1770755,1.683885
1055.3719836,-301.146325,-179.3922312,-0.1156293,-0.0277979,17.3719157,3.4224298
1057.3707942,-300.8651217,-177.4188511,-0.1664552,-0.0243833,17.7613353,4.110752
1059.3696048,-300.4871782,-175.4555352,-0.213284,-0.0228704,18.2180752,4.2019326
1061.3684154,-300.0194356,-173.5138613,-0.2597517,-0.0236225,18.6734035,3.5450025
1063.3672259,-299.4615155,-171.5984358,-0.3071468,-0.0237799,19.0490833,3.1442483
1065.3660365,-298.8098544,-169.7023339,-0.3549709,-0.0238329,19.376199,2.8176117
1067.3648471,-298.071258,-167.8460485,-0.4023446,-0.0236644,19.6647103,2.6072747
1069.3636577,-297.2445814,-166.0241756,-0.4494267,-0.0232498,19.9279635,2.5187399
1071.3624682,-296.3337555,-164.2424654,-0.4956397,-0.0229023,20.1790162,2.4198579
1073.3612788,-295.3437901,-162.5058099,-0.5401317,-0.0216179,20.4173057,2.7276647
1075.3600894,-294.2799946,-160.8140111,-0.5821126,-0.0204013,20.6826145,3.0055712
1077.3589,-293.1481602,-159.1670125,-0.6216566,-0.0191651,20.9710676,3.2965784
1079.3577105,-291.9537506,-157.5645334,-0.6591053,-0.0183247,21.2829544,3.4164737
1081.3565211,-290.7012911,-156.0066937,-0.6949664,-0.0175962,21.6014332,3.4976077
1083.3553317,-289.3949388,-154.494043,-0.7295262,-0.0169915,21.9226829,3.5334265
1085.3541423,-288.0375482,-153.0262368,-0.7629809,-0.0164927,22.2425117,3.5313526
1087.3529528,-286.6328293,-151.6043239,-0.7955057,-0.0160604,22.5576226,3.5096911
1089.3517634,-285.183155,-150.2282173,-0.8272214,-0.0156811,22.8664985,3.4739097
1091.350574,-283.6903492,-148.8976067,-0.8582194,-0.0153183,23.1681706,3.4421841
1093.3493846,-282.1589774,-147.6145737,-0.8884885,-0.014986,23.4632622,3.40578
1095.3481951,-280.5884942,-146.3768916,-0.918121,-0.0146554,23.7516251,3.3797281
1097.3470057,-278.9823743,-145.1857677,-0.9471802,-0.014454,24.0343622,3.2896089
1099.3458163,-277.3448065,-144.0431418,-0.9759505,-0.0144704,24.3064019,3.0815937
1101.3446269,-275.6714685,-142.9469558,-1.0061821,-0.0157578,24.5585061,2.1191874
1103.3434374,-273.967557,-141.9058317,-1.0387549,-0.0166962,24.7303847,1.4064911
1105.342248,-272.2288309,-140.9213475,-1.0725564,-0.0170194,24.843803,1.1096003
1107.3410586,-270.4597325,-139.996504,-1.1051746,-0.015648,24.9329162,1.8838886
1109.3398692,-268.6604274,-139.1263772,-1.1351546,-0.0144642,25.0834882,2.5061738
1111.3386797,-266.8341781,-138.3076078,-1.1632134,-0.0135955,25.2824072,2.9102269
1113.3374903,-264.9903619,-137.5403533,-1.1894034,-0.0126383,25.5114503,3.3678154
1115.3363009,-263.1252697,-136.8189691,-1.2137747,-0.011756,25.7739665,3.7753116
1117.3351115,-261.2440469,-136.1417695,-1.2364842,-0.0109729,26.0651034,4.1204877
1119.3339221,-259.3484327,-135.5060066,-1.2576597,-0.0102131,26.3791919,4.4581906
1121.3327326,-257.4401982,-134.9090919,-1.2773599,-0.009494,26.7148633,4.7782364
1123.3315432,-255.52165,-134.3487047,-1.2956346,-0.0087995,27.0700111,4.8420091
1125.3303538,-253.5915461,-133.8216172,-1.3125504,-0.0081058,27.4252077,4.8299112
1127.3291644,-251.6560664,-133.3266299,-1.3280587,-0.0074141,27.7749919,4.8178436
1129.3279749,-249.7118489,-132.8599726,-1.3421586,-0.0066892,28.1195677,4.8058062
1131.3267855,-247.7602207,-132.4190592,-1.3548042,-0.005945,28.4591265,4.7937988
1133.3255961,-245.8079847,-132.0023179,-1.3659065,-0.005163,28.7938478,4.7818215
1135.3244067,-243.8481334,-131.6049971,-1.3753508,-0.0042725,29.1239005,4.769874
1137.3232172,-241.8854235,-131.2247587,-1.3834965,-0.0041094,29.4494436,4.7579564
1139.3220278,-239.9222417,-130.8611384,-1.3918637,-0.0042935,29.7706271,4.7460686
1141.3208384,-237.9537705,-130.5140198,-1.4007353,-0.0045814,30.0875925,4.7342105
1143.319649,-235.9820933,-130.1849353,-1.4102016,-0.0048977,30.4004737,4.722382
1145.3184595,-234.0082792,-129.875316,-1.4203086,-0.0052284,30.7093975,4.7105831
1147.3172701,-232.0306987,-129.586251,-1.4311164,-0.0055848,31.0144841,4.6988136
1149.3160807,-230.0499216,-129.3192743,-1.4426488,-0.0059581,31.3158474,4.6870736
1151.3148913,-228.0662607,-129.0759189,-1.4549285,-0.006333,31.6135959,4.6753628
1153.3137018,-226.079305,-128.8576502,-1.4679652,-0.0067091,31.9078325,4.5330598
1155.3125124,-224.090044,-128.6660841,-1.4817419,-0.0070776,32.1905456,4.0183295
1157.311323,-222.0980565,-128.5026123,-1.496114,-0.0071449,32.4390966,-4.499231
1159.3101336,-220.1033546,-128.3675018,-1.5101237,-0.0068435,32.1606711,-5.5026205
1161.3089441,-218.1078865,-128.2583665,-1.5213945,-0.004441,31.8168411,-8.091963
1163.3077547,-216.1117382,-128.1668682,-1.5276335,-0.0015974,31.3043571,-11.0463622
1165.3065653,-214.1145088,-128.0816638,-1.527636,0.001435,30.5909072,-10.1452711
1167.3053759,-212.1199309,-127.991809,-1.5234983,0.0026968,29.9206726,-9.5648382
1169.3041864,-210.1255067,-127.8913318,-1.5171782,0.0034665,29.274734,-9.2416672
1171.302997,-208.126523,-127.7767585,-1.5097413,0.0039886,28.6367835,-8.7794567
1173.3018076,-206.1335768,-127.6464649,-1.5010364,0.0047278,28.017288,-8.3863966
1175.3006182,-204.139931,-127.4972062,-1.4908667,0.0054339,27.4124568,-8.0375493
1177.2994287,-202.1462481,-127.3261314,-1.4792943,0.0061337,26.8199872,-7.7216953
1179.2982393,-200.1572948,-127.1308642,-1.4663388,0.0068395,26.2382031,-7.4520219
1181.2970499,-198.1695124,-126.9082254,-1.4519478,0.00753,25.6642346,-7.2112464
1183.2958605,-196.1872948,-126.6559263,-1.4362094,0.0082283,25.0963166,-7.0405765
1185.294671,-194.2068946,-126.370731,-1.4191189,0.0088676,24.5291571,-6.8958963
1187.2934816,-192.2328453,-126.0505984,-1.4007164,0.0095154,23.9606421,-6.7810535
1189.2922922,-190.2693875,-125.6937442,-1.3810894,0.010166,23.3881228,-6.6504073
1191.2911028,-188.307258,-125.2957405,-1.360002,0.0109044,22.8126824,-6.5121821
1193.2899133,-186.3580388,-124.855868,-1.3374191,0.0117253,22.2347755,-6.3770706
1195.2887239,-184.4218539,-124.3710405,-1.3131799,0.0126169,21.6539172,-5.7582274
1197.2875345,-182.4955026,-123.8360229,-1.2859269,0.014624,21.1157031,-4.8641077
1199.2863451,-180.5866396,-123.2451006,-1.2543146,0.0173591,20.6501346,-3.7476968
1201.2851556,-178.6989538,-122.5880538,-1.2162458,0.0206818,20.2841363,-2.7881619
1203.2839662,-176.8395332,-121.8535714,-1.1719742,0.0236373,20.0075028,-1.9312423
1205.2827768,-175.0163931,-121.0319227,-1.121925,0.0262727,19.8136265,-1.2345571
1207.2815874,-173.2405989,-120.1165296,-1.0669719,0.0283964,19.6886897,-1.1508816
1209.2803979,-171.5184065,-119.1019726,-1.0096928,0.0289484,19.5715026,-1.1506477
1211.2792085,-169.8573463,-117.9892866,-0.9513716,0.0292879,19.4536336,-0.9752468
1213.2780191,-168.2661364,-116.7828072,-0.8925413,0.03006,19.3531701,-0.2335073
1215.2768297,-166.7496461,-115.4820122,-0.8303932,0.0321189,19.3290383,-0.2335073
1217.2756402,-165.3185318,-114.0870014,-0.7660036,0.0321308,19.3048762,-0.2073578
1219.2744508,-163.9798694,-112.6029379,-0.7019622,0.0318174,19.2833946,-0.0636768
1221.2732614,-162.7384896,-111.0371664,-0.6389071,0.0313055,19.2767931,0.1347793
1223.272072,-161.5970791,-109.3962199,-0.5767267,0.0309266,19.2907633,0.2585984
1225.2708825,-160.5595394,-107.6883633,-0.5152429,0.0305609,19.3175394,0.3624401
1227.2696931,-159.628331,-105.9206911,-0.4546014,0.0302237,19.3550052,0.4435655
1229.2685037,-158.8055303,-104.0996028,-0.394102,0.0303028,19.4007586,0.3591185
1231.2673143,-158.0946178,-102.2326085,-0.3335542,0.0303104,19.4377224,0.311845
1233.2661248,-157.4977285,-100.3248409,-0.2728578,0.0304202,19.4697635,0.2316399
1235.2649354,-157.0179223,-98.3842286,-0.2118333,0.0306495,19.4935297,0.1157589
1237.263746,-156.657969,-96.418725,-0.1503378,0.0309154,19.5053957,0.0001125
1239.2625566,-156.4200361,-94.433958,-0.0881827,0.0312134,19.5054072,-0.1132665
1241.2613671,-156.3064023,-92.4386123,-0.0254774,0.0315315,19.4937968,-0.2197493
1243.2601777,-156.318366,-90.4397081,0.0374087,0.0314155,19.4712516,-0.1474849
1245.2589883,-156.4558146,-88.4453262,0.100175,0.0313288,19.4561057,-0.0958038
1247.2577989,-156.717718,-86.4645556,0.1627395,0.0312853,19.4462609,-0.0670906
1249.2566094,-157.1029736,-84.50337,0.225174,0.0312041,19.4393637,-0.0278792
1251.25542,-157.6098578,-82.5694034,0.2874074,0.0310015,19.4364968,0.0522069
1253.2542306,-158.2350773,-80.6720515,0.3491583,0.0307769,19.4418649,0.1305228
1255.2530412,-158.9756827,-78.8165945,0.4102445,0.0303458,19.4552793,0.2772934
1257.2518517,-159.8279706,-77.0099663,0.4716674,0.0312011,19.4837473,-0.0817217
1259.2506623,-160.7909126,-75.2600389,0.534568,0.031598,19.4753617,-0.2218465
1261.2494729,-161.863679,-73.5723082,0.5978779,0.0316692,19.4525797,-0.2202102
1263.2482835,-163.0395802,-71.9574875,0.6608168,0.031365,19.4299393,-0.076941
1265.247094,-164.3147566,-70.4190291,0.7233191,0.0312007,19.4220225,-0.0051232
1267.2459046,-165.6842681,-68.9621677,0.7856778,0.0311535,19.4214953,0.0133246
1269.2447152,-167.1411993,-67.5939656,0.8479112,0.0311509,19.4228666,0.0126305
1271.2435258,-168.6803911,-66.3191027,0.9101929,0.0311602,19.4241663,0.0075021
1273.2423363,-170.2963999,-65.142303,0.9726133,0.0312495,19.4249383,-0.0271446
1275.2411469,-171.9821519,-64.0690817,1.0351706,0.0313892,19.4221449,-0.1363024
1277.2399575,-173.7327298,-63.1031553,1.0980461,0.0315132,19.4081124,-0.3162841
1279.2387681,-175.540196,-62.2496639,1.1612983,0.0317475,19.3755115,-0.2340468
1281.2375786,-177.3967387,-61.5130886,1.2250038,0.0320449,19.3513517,-0.2340468
1283.2363892,-179.2990524,-60.8958298,1.289074,0.0320584,19.3271618,-0.2085393
1285.2351998,-181.2351496,-60.4019967,1.3527635,0.031303,19.3055827,0.1002602
1287.2340104,-183.1969936,-60.030234,1.4138369,0.0302446,19.3159604,0.4823387
1289.2328209,-185.1790617,-59.7782938,1.4751631,0.0310568,19.3658083,0.1182433
1291.2316315,-187.1712901,-59.6486111,1.5355636,0.028826,19.3780088,0.9409237
1293.2304421,-189.1706941,-59.633824,1.5901816,0.0255686,19.4748217,2.0655946
1295.2292527,-191.1687783,-59.7211045,1.6374339,0.0217126,19.6856838,3.3435819
1297.2280632,-193.1584512,-59.8946933,1.6769068,0.0178248,20.0223006,4.603617
1299.2268738,-195.1430428,-60.1393552,1.7086823,0.0138229,20.4767194,5.03794
1301.2256844,-197.1205255,-60.4388112,1.7320847,0.009599,20.9627243,5.0253526
1303.224495,-199.0885839,-60.7765715,1.7485445,0.0068976,21.4365405,5.0127967
1305.2233055,-201.0524782,-61.1416236,1.7598852,0.0046917,21.8989618,5.0002722
1307.2221161,-203.0168677,-61.5259473,1.7675418,0.0029596,22.3506985,4.9877789
1309.2209267,-204.9736342,-61.9207298,1.7715985,0.0011183,22.7923885,4.9753169
1311.2197373,-206.9324378,-62.3204907,1.7720271,-0.0006994,23.2246078,4.962886
1313.2185478,-208.8938323,-62.7179339,1.7688161,-0.0025056,23.6478782,4.9504862
1315.2173584,-210.8534792,-63.1047859,1.7619702,-0.004345,24.0626747,-2.6536765
1317.216169,-212.8188805,-63.4750194,1.7513052,-0.0064524,23.8412231,-7.5726151
1319.2149796,-214.7881859,-63.8196879,1.7360187,-0.0088523,23.1976609,-6.5223006
1321.2137901,-216.7646903,-64.1296507,1.7158642,-0.0113224,22.6286939,-5.5906761
1323.2126007,-218.7474069,-64.3947066,1.6907211,-0.013713,22.1293556,-4.7468861
1325.2114113,-220.7316842,-64.6048083,1.6610806,-0.0160332,21.6963621,-3.9727959
1327.2102219,-222.7296879,-64.7519088,1.6267479,-0.018273,21.3272219,-3.2446083
1329.2090324,-224.7271277,-64.8256708,1.5879449,-0.020439,21.0209343,-2.5766987
1331.207843,-226.7211899,-64.8179243,1.545218,-0.0224595,20.7744799,-1.4723381
1333.2066536,-228.7193006,-64.7198616,1.4973309,-0.0253556,20.632333,-0.6980487
1335.2054642,-230.7059042,-64.5213748,1.4444506,-0.0273497,20.5645965,-0.2636554
1337.2042747,-232.680283,-64.2145643,1.3883857,-0.0284462,20.5389541,-0.2636554
1339.2030853,-234.6345269,-63.7968617,1.3323161,-0.0276822,20.5132797,0.0885023
1341.2018959,-236.5626486,-63.2717035,1.2776628,-0.0270188,20.5219015,0.357836
1343.2007065,-238.4601736,-62.6430189,1.2242691,-0.0263662,20.5567248,0.5940814
1345.199517,-240.3217285,-61.9153352,1.1722763,-0.0256806,20.6144087,0.8213426
1347.1983276,-242.1435407,-61.0930907,1.1216322,-0.0249771,20.6938943,1.0362131
1349.1971382,-243.9218398,-60.1810209,1.0723515,-0.0243757,20.7937406,1.1902159
1351.1959488,-245.6536483,-59.1833759,1.0241302,-0.0238753,20.9078378,1.2900027
1353.1947593,-247.3356819,-58.104342,0.9768372,-0.0234637,21.0308018,1.3457042
1355.1935699,-248.9654894,-56.9474741,0.9303054,-0.0231015,21.1583137,1.3782391
1357.1923805,-250.5403108,-55.7164607,0.8844456,-0.0227884,21.2881168,1.3894107
1359.1911911,-252.0572235,-54.4152186,0.8392119,-0.0224857,21.4181758,1.398233
1361.1900016,-253.5143387,-53.0469297,0.7945369,-0.0222009,21.5482682,1.401299
1363.1888122,-254.909178,-51.6154586,0.7504231,-0.0219386,21.6778625,1.3966948
1365.1876228,-256.2400558,-50.1241002,0.7068642,-0.021655,21.8062647,1.4055588
1367.1864334,-257.5053176,-48.5763287,0.6638451,-0.0213658,21.934723,1.4194999
1369.1852439,-258.7029308,-46.9764586,0.6214134,-0.0210864,22.0636963,1.430747
1371.1840545,-259.8321754,-45.3274277,0.5795818,-0.020781,22.1929331,1.4570048
1373.1828651,-260.8924513,-43.6321497,0.5383446,-0.0204581,22.3237728,1.4932294
1375.1816757,-261.8818833,-41.896047,0.4977926,-0.0200478,22.4570746,1.5742972
1377.1804862,-262.8009045,-40.122056,0.4584038,-0.0193706,22.5967617,1.7899908
1379.1792968,-263.6507486,-38.3134079,0.420338,-0.0187039,22.7545456,1.9920824
1381.1781074,-264.4321818,-36.4749523,0.3837449,-0.0179296,22.9288669,2.2452346
1383.176918,-265.1479339,-34.6079111,0.3486822,-0.0171473,23.1237656,2.4970255
1385.1757285,-265.7985242,-32.7193562,0.3150406,-0.0165304,23.3386096,2.6556197
1387.1745391,-266.3865014,-30.8099959,0.2826041,-0.0159656,23.5649498,2.7871066
1389.1733497,-266.9138186,-28.8807557,0.2511931,-0.0154497,23.8001818,2.8944824
1391.1721603,-267.3808744,-26.9378657,0.2207967,-0.0149755,24.0420402,2.9826319
1393.1709708,-267.7894825,-24.9824082,0.191348,-0.0145062,24.2887449,3.073446
1395.1697814,-268.1416234,-23.013646,0.1627885,-0.0140456,24.5403668,3.1649152
1397.168592,-268.438184,-21.036844,0.1351877,-0.0135761,24.796809,3.2680325
1399.1674026,-268.6808933,-19.0537987,0.1085551,-0.0130755,25.0588525,3.3968539
1401.1662131,-268.8718732,-17.0631106,0.0828979,-0.0125719,25.3283522,3.5338653
1403.1650237,-269.0127101,-15.0690207,0.0582971,-0.0120473,25.6057119,3.6913649
1405.1638343,-269.1054974,-13.0728041,0.0348045,-0.011446,25.8922606,3.9074863
1407.1626449,-269.1525986,-11.0739716,0.0125002,-0.0109047,26.1921708,4.0902513
1409.1614554,-269.1560735,-9.0751094,-0.0088864,-0.0104936,26.5024732,4.1904808
1411.160266,-269.1175872,-7.0774547,-0.0295592,-0.0102314,26.816656,4.1928026
1413.1590766,-269.0382161,-5.0798266,-0.0497911,-0.010016,27.1273713,4.1693278
1415.1578872,-268.9188766,-3.0845784,-0.06963,-0.0098352,27.4328574,4.1280903
1417.1566977,-268.7603826,-1.0926983,-0.0891279,-0.0096889,27.7320069,4.0679465
1419.1555083,-268.563203,0.8971187,-0.1083741,-0.0095644,28.0236742,3.9980227
1421.1543189,-268.3281146,2.881902,-0.1273834,-0.0094601,28.3074001,3.9187027
1423.1531295,-268.0555391,4.8618842,-0.1461969,-0.0093673,28.5827638,3.8365638
1425.15194,-267.7458054,6.8372084,-0.1648473,-0.0092881,28.8498096,3.7491879
1427.1507506,-267.3995857,8.8056742,-0.1833321,-0.0092125,29.1084068,3.6647022
1429.1495612,-267.017094,10.7678388,-0.2016839,-0.0091461,29.3589754,3.5778149
1431.1483718,-266.5988338,12.722462,-0.2199102,-0.0090901,29.6015572,3.4870964
1433.1471823,-266.1450738,14.6694502,-0.2380059,-0.0090171,29.8360902,3.4166502
1435.1459929,-265.6562493,16.6080624,-0.2559867,-0.0089776,30.0641107,3.3207105
1437.1448035,-265.1330856,18.5362173,-0.2739097,-0.0089641,30.2840832,3.2056088
1439.1436141,-264.5750485,20.4564536,-0.2916724,-0.0087984,30.4949259,3.2368122
1441.1424246,-263.9837316,22.3653898,-0.3089825,-0.0084287,30.706352,3.4634137
1443.1412352,-263.3604485,24.2639073,-0.325253,-0.007853,30.9309791,3.8888674
1445.1400458,-262.7070864,26.1533441,-0.340423,-0.0073246,31.1812714,4.2707885
1447.1388564,-262.0262859,28.0325805,-0.3545375,-0.0067966,31.45385,4.657516
1449.1376669,-261.3201303,29.9021164,-0.3675852,-0.0062604,31.7484435,4.6700227
1451.1364775,-260.5903912,31.763289,-0.3795675,-0.0057271,32.0411087,4.6583546
1453.1352881,-259.8395426,33.6156183,-0.3904809,-0.0051933,32.3304034,4.6467156
1455.1340987,-259.0695657,35.4599181,-0.4003258,-0.0046581,32.6164191,4.6351058
1457.1329092,-258.2822563,37.2974223,-0.4091025,-0.0041224,32.899243,4.6235249
1459.1317198,-257.4799716,39.1280597,-0.4168054,-0.0035853,33.1789586,4.6119729
1461.1305304,-256.6646245,40.9528239,-0.4234333,-0.0030468,33.4556454,4.6004499
1463.129341,-255.8380126,42.7729576,-0.4289845,-0.0025068,33.7293799,4.5889556
1465.1281515,-255.0024261,44.5886341,-0.4334537,-0.001965,34.0002349,4.57749
1467.1269621,-254.1597352,46.400973,-0.4368382,-0.0014215,34.2682804,4.5660531
1469.1257727,-253.3117215,48.2112168,-0.4391889,-0.0009392,34.5335836,4.5546448
1471.1245833,-252.4604367,50.0195794,-0.4406298,-0.0005708,34.7962087,4.5432649
1473.1233938,-251.6070462,51.8269307,-0.4415984,-0.0003984,35.0562176,4.5319135
1475.1222044,-250.7520455,53.6338751,-0.4422902,-0.0003066,35.3136696,4.5205905
1477.121015,-249.8960682,55.440019,-0.442827,-0.0002317,35.568622,4.5092957
1479.1198256,-249.0392544,57.245764,-0.4432189,-0.0001604,35.8211296,4.4980292
1481.1186361,-248.1817279,59.0515162,-0.443468,-8.89E-05,36.0712454,4.4832285
1483.1174467,-247.3240156,60.856832,-0.443574,-1.71E-05,36.3188242,4.4596482
1485.1162573,-246.4662398,62.6621223,-0.4435364,5.48E-05,36.5634377,4.436275
1487.1150679,-245.6085243,64.4677961,-0.4433549,0.0001266,36.8051562,4.413105
1489.1138784,-244.751406,66.2733909,-0.4430318,0.0001926,37.0440474,4.3901342
1491.112689,-243.8949795,68.0793144,-0.4425931,0.0002464,37.2801762,1.1091809
1493.1114996,-243.0392754,69.8859405,-0.4421028,0.0002323,37.3395986,-12.5476085
1495.1103102,-242.1845398,71.6926871,-0.4416708,0.0001924,36.6617654,-12.5814917
1497.1091207,-241.3305055,73.4997328,-0.4413489,0.0001296,35.9692786,-12.6409614
1499.1079313,-240.4767516,75.3072374,-0.4412756,-8.07E-05,35.2598245,-12.4701338
1501.1067419,-239.6229796,77.11404,-0.4416461,-0.0002311,34.5456851,-12.4701444
1503.1055525,-238.7682397,78.9208478,-0.4420851,-0.000208,33.816467,-12.4768552
1505.104363,-237.9129534,80.7268846,-0.4424648,-0.0001698,33.0707681,-12.4916763
1507.1031736,-237.0567782,82.5332089,-0.4427722,-0.0001539,32.3069453,-12.4389519
1509.1019842,-236.1999993,84.3393414,-0.4431094,-0.0001834,31.5279637,-12.3938909
1511.1007948,-235.3428292,86.1445949,-0.4435012,-0.0002079,30.7321723,-12.346205
1513.0996053,-234.4846816,87.9499687,-0.4439429,-0.0002382,29.9184051,-12.2915909
1515.0984159,-233.625627,89.7550258,-0.4444612,-0.0002803,29.0856295,-12.2387005
1517.0972265,-232.765843,91.5590064,-0.4450661,-0.0003255,28.2320413,-12.189738
1519.0960371,-231.9046402,93.3629411,-0.4457625,-0.0003714,27.3554053,-12.1449404
1521.0948476,-231.0420643,95.1663066,-0.4465515,-0.0004179,26.4531157,-11.7777237
1523.0936582,-230.1780523,96.9682547,-0.447856,-0.0009656,25.5476897,-10.9227106
1525.0924688,-229.3102667,98.7690143,-0.4506872,-0.0023939,24.6783223,-9.2788512
1527.0912794,-228.4334405,100.5654394,-0.4584654,-0.0053829,23.9149798,-7.5465188
1529.0900899,-227.5373108,102.3519047,-0.472595,-0.0088454,23.2756984,-5.8930453
1531.0889005,-226.6099909,104.1217685,-0.4938416,-0.0124099,22.7640061,-4.438939
1533.0877111,-225.6389114,105.868554,-0.5220261,-0.0157334,22.3708466,-4.1628824
1535.0865217,-224.6165133,107.5806198,-0.5549339,-0.0168236,21.995753,-4.1579081
1537.0853322,-223.5333188,109.2634844,-0.5890094,-0.0172462,21.614611,-4.2144236
1539.0841428,-222.3943513,110.9054802,-0.6241134,-0.0179131,21.221304,-4.1695851
1541.0829534,-221.197314,112.505638,-0.6606765,-0.0186809,20.8248726,-4.1118635
1543.081764,-219.9389632,114.0628423,-0.6989047,-0.0195306,20.4263959,-3.9846015
1545.0805745,-218.6240093,115.5658791,-0.7389574,-0.0205981,20.0326913,-3.7235958
1547.0793851,-217.2469359,117.0148746,-0.781434,-0.022043,19.6576498,-3.3785807
1549.0781957,-215.8065532,118.4025003,-0.8272357,-0.0237439,19.3110567,-2.8926125
1551.0770063,-214.3028159,119.7192189,-0.8766831,-0.0258286,19.0092962,-2.3936356
1553.0758168,-212.7309557,120.9580334,-0.9307513,-0.0279325,18.7559188,-2.075082
1555.0746274,-211.0938097,122.1063061,-0.9880574,-0.0295194,18.5334589,-1.9666758
1557.073438,-209.3872996,123.1587108,-1.0485989,-0.0305193,18.3201276,-1.8848553
1559.0722486,-207.6313467,124.0987342,-1.110305,-0.0314552,18.1133138,-1.8683167
1561.0710591,-205.8065735,124.9330626,-1.1737158,-0.0318064,17.9059575,-1.9712845
1563.0698697,-203.9396986,125.6467165,-1.237647,-0.0318911,17.6845375,-2.1722051
1565.0686803,-202.0410345,126.2375919,-1.3002588,-0.031643,17.4372938,-0.7256139
1567.0674909,-200.0975998,126.7062656,-1.3702021,-0.0380617,17.3539184,-0.1877549
1569.0663014,-198.130968,127.026452,-1.4491133,-0.0399457,17.3322795,-0.1877549
1571.065112,-196.138528,127.189801,-1.5286827,-0.0390808,17.3106135,0.1018764
1573.0639226,-194.1410546,127.1981838,-1.6034088,-0.0357569,17.3223729,1.0830909
1575.0627332,-192.150259,127.0641697,-1.6715243,-0.0325043,17.446902,1.9156313
1577.0615437,-190.1660728,126.8002655,-1.7334566,-0.0291747,17.6650037,2.7009348
1579.0603543,-188.2041079,126.4220464,-1.7876729,-0.0251456,17.968018,3.6799555
1581.0591649,-186.2665829,125.9462347,-1.8345263,-0.0220092,18.3728261,4.3595774
1583.0579755,-184.3440171,125.3833123,-1.8758837,-0.0197536,18.8411432,4.7658221
1585.056786,-182.4529639,124.7461776,-1.91584,-0.0202942,19.34013,4.1753799
1587.0555966,-180.5855541,124.0315491,-1.9568354,-0.0206291,19.7669476,3.6953196
1589.0544072,-178.7452621,123.2386174,-1.9985808,-0.0210921,20.1371474,3.193603
1591.0532178,-176.9441757,122.3710927,-2.0407923,-0.0212096,20.4516874,2.8671992
1593.0520283,-175.1783719,121.4260347,-2.0838002,-0.0217156,20.7300143,2.3994765
1595.0508389,-173.4588586,120.4071481,-2.1278988,-0.0225242,20.9600976,1.8299672
1597.0496495,-171.7828779,119.3091866,-2.1737729,-0.0230582,21.1338877,1.4221237
1599.0484601,-170.1689584,118.142347,-2.2197725,-0.0227789,21.2679646,1.4137873
1601.0472706,-168.6023064,116.8989038,-2.2626616,-0.0200006,21.400423,2.5539227
1603.0460812,-167.0883894,115.5954379,-2.2996835,-0.0171948,21.6376459,3.6570013
1605.0448918,-165.6210454,114.2415955,-2.3314186,-0.0145987,21.9728702,4.649914
1607.0437024,-164.1913441,112.84308,-2.3580552,-0.0120113,22.3918651,4.9866277
1609.0425129,-162.7970264,111.412087,-2.3794418,-0.0094451,22.832658,4.9741686
1611.0413235,-161.4299642,109.9550525,-2.3958048,-0.0069459,23.2640304,4.9617406
1613.0401341,-160.0826719,108.4781334,-2.4076286,-0.004881,23.6864997,4.9493436
1615.0389447,-158.7497923,106.9879172,-2.4156068,-0.0033588,24.1005367,4.9369776
1617.0377552,-157.4278806,105.4897304,-2.4212913,-0.0023328,24.5065713,4.9246425
1619.0365658,-156.1114963,103.9836689,-2.4249732,-0.0013459,24.9049973,4.9123382
1621.0353764,-154.7999583,102.4749874,-2.4266576,-0.0003308,25.2961768,4.9000647
1623.034187,-153.4906809,100.9669055,-2.4262781,0.0007077,25.6804432,4.8878218
1625.0329975,-152.1769319,99.4576348,-2.4241817,0.0013913,26.0581047,4.8756095
1627.0318081,-150.860675,97.9537354,-2.4211219,0.0012991,26.4294468,4.8634277
1629.0306187,-149.5417228,96.4544573,-2.4193315,0.0005377,26.7947346,4.8512764
1631.0294293,-148.219494,94.9554998,-2.4181431,0.0006506,27.1542145,4.8391554
1633.0282398,-146.8957714,93.4587626,-2.4167528,0.000728,27.5081166,4.8270647
1635.0270504,-145.5690946,91.9630725,-2.4152414,0.0007866,27.8566554,4.8150042
1637.025861,-144.2406016,90.4700884,-2.413588,0.0008679,28.2000322,4.8029739
1639.0246716,-142.9094912,88.9793757,-2.4117748,0.0009457,28.5384352,4.7909736
1641.0234821,-141.5750549,87.490612,-2.4098081,0.001022,28.8720415,4.7790033
1643.0222927,-140.238096,86.0051533,-2.4076864,0.0011011,29.2010176,4.7670629
1645.0211033,-138.8978715,84.5226397,-2.4054076,0.0011794,29.5255201,4.7551523
1647.0199139,-137.5536084,83.0426866,-2.402972,0.001257,29.8456971,4.7432715
1649.0187244,-136.2061254,81.5666573,-2.4003827,0.0013341,30.1616883,4.7314204
1651.017535,-134.8547643,80.0942825,-2.3976404,0.0014101,30.4736257,4.7195988
1653.0163456,-133.4987125,78.6251306,-2.3947459,0.0014852,30.7816347,4.7078069
1655.0151562,-132.1387598,77.1605004,-2.3917036,0.0015591,31.0858338,4.6960443
1657.0139667,-130.7743078,75.7001762,-2.3885147,0.0016318,31.3863357,4.6843112
1659.0127773,-129.4046146,74.2437945,-2.3851801,0.0017038,31.6832474,4.6726074
1661.0115879,-128.0303776,72.7925166,-2.3817041,0.0017746,31.9766709,4.6609328
1663.0103985,-126.6510173,71.3461377,-2.3780871,0.0018445,32.2667031,4.6492874
1665.009209,-125.2659637,69.9044698,-2.3743298,0.0019141,32.5534363,4.6376711
1667.0080196,-123.8757437,68.4684623,-2.3704353,0.001983,32.8369589,4.6260838
1669.0068302,-122.4797993,67.0379315,-2.3664028,0.0020517,33.1173549,4.6145255
1671.0056408,-121.0777869,65.6129218,-2.3622325,0.0021206,33.394705,4.602996
1673.0044513,-119.6699721,64.1940946,-2.3579255,0.0021893,33.6690861,4.5914954
1675.0032619,-118.2558816,62.7813617,-2.35348,0.0022586,33.9405718,4.5800235
1677.0020725,-116.8353944,61.3749952,-2.3488952,0.0023287,34.2092329,4.5685802
1679.0008831,-115.4084283,59.9753071,-2.3441704,0.0023991,34.475137,4.5571656
1680.9996937,-113.9746999,58.582414,-2.3393029,0.0024715,34.738349,4.5457794
1682.9985042,-112.5342553,57.1967632,-2.3342892,0.0025452,34.9989313,4.5344218
1684.9973148,-111.08661,55.818294,-2.3291311,0.0026159,35.2569439,4.5230924
1686.9961254,-109.6317709,54.4474124,-2.3238241,0.0026978,35.5124444,4.5117914
1688.994936,-108.1698894,53.0847036,-2.3183434,0.0027826,35.7654881,4.5005187
1690.9937465,-106.7000938,51.7297821,-2.3127428,0.0028205,36.0161284,4.4884676
1692.9925571,-105.2228819,50.3833252,-2.3071143,0.0027792,36.2643723,4.4648409
1694.9913677,-103.7383721,49.0452282,-2.3016569,0.0026831,36.5096349,4.4414224
1696.9901783,-102.2464131,47.7148603,-2.2963749,0.0026016,36.7519872,4.4182078
1698.9889888,-100.7476547,46.3923556,-2.2912575,0.0025179,36.9914975,4.3951933
1700.9877994,-99.2424044,45.0775364,-2.2863106,0.0024322,37.2282313,4.3723752
1702.98661,-97.7305575,43.7698584,-2.2815341,0.0023468,37.4622517,4.3497497
1704.9854206,-96.2126804,42.4693615,-2.2769291,0.0022609,37.6936196,4.3273134
1706.9842311,-94.6890421,41.1758217,-2.2724965,0.0021746,37.9223933,4.3050629
1708.9830417,-93.1596291,39.8887763,-2.2682362,0.002088,38.1486294,4.2829948
1710.9818523,-91.6249274,38.6081834,-2.2641494,0.0020012,38.3723822,4.2611061
1712.9806629,-90.0851857,37.3337969,-2.2602366,0.0019141,38.5937042,4.2393935
1714.9794734,-88.5404584,36.0652112,-2.2564977,0.0018268,38.812646,4.2178543
1716.978284,-86.9911611,34.802317,-2.2529336,0.0017394,39.0292567,4.1964854
1718.9770946,-85.4375298,33.544855,-2.2495445,0.0016518,39.2435834,4.1752841
1720.9759052,-83.8796712,32.2924615,-2.2463304,0.0015641,39.4556718,4.1542476
1722.9747157,-82.3179415,31.0449739,-2.2432919,0.0014762,39.6655663,4.1333735
1724.9735263,-80.7525682,29.8021241,-2.2404291,0.0013883,39.8733095,4.112659
1726.9723369,-79.1836965,28.5635789,-2.237742,0.0013003,40.0789429,4.0940754
1728.9711475,-77.6116355,27.3291348,-2.235231,0.0012122,40.2826045,4.0787547
1730.969958,-76.0366066,26.0985178,-2.2328961,0.0011241,40.4844852,4.0635169
1732.9687686,-74.458782,24.871416,-2.2307373,0.0010359,40.6846155,4.0483609
1734.9675792,-72.8784353,23.6475957,-2.2287547,0.0009478,40.8830253,4.0332858
1736.9663898,-71.2957833,22.4267794,-2.2269485,0.0008595,41.0797432,4.0182906
1738.9652003,-69.7110164,21.2086687,-2.2253187,0.0007713,41.2747975,4.0033745
1740.9640109,-68.1243823,19.9930094,-2.2238652,0.000683,41.4682153,3.9885366
1742.9628215,-66.5360951,18.7795213,-2.2225882,0.0005948,41.6600233,3.973776
1744.9616321,-64.9463561,17.5679145,-2.2214873,0.0005067,41.8502472,3.9590918
1746.9604426,-63.3553942,16.3579232,-2.220558,0.0004269,42.0389122,3.9444834
1748.9592532,-61.7634021,15.1492922,-2.2197777,0.0003569,42.2260428,3.9299497
1750.9580638,-60.1705245,13.9418198,-2.2190799,0.0003413,42.4116628,3.9154902
1752.9568744,-58.5768261,12.7354379,-2.2184095,0.0003328,42.5957954,3.901104
1754.9556849,-56.9823222,11.5301147,-2.2177472,0.0003299,42.7784633,3.8867903
1756.9544955,-55.3870269,10.3258448,-2.2170912,0.0003264,42.9596885,3.8725485
1758.9533061,-53.7909445,9.1226148,-2.2164422,0.000323,43.1394926,3.8583778
1760.9521167,-52.1940826,7.9204134,-2.2157999,0.0003197,43.3178964,3.8442775
1762.9509272,-50.5964578,6.7192362,-2.2151643,0.0003163,43.4949206,3.8302469
1764.9497378,-48.998072,5.5190679,-2.2145355,0.0003129,43.670585,3.8162854
1766.9485484,-47.3989325,4.3198972,-2.2139133,0.0003096,43.8449091,3.8023922
1768.947359,-45.7990567,3.1217203,-2.2132979,0.0003062,44.017912,3.7872234
1770.9461695,-44.1984457,1.9245212,-2.2126892,0.0003028,44.1895515,3.7605971
1772.9449801,-42.5971068,0.7282886,-2.2120872,0.0002995,44.3593272,3.7342236
1774.9437907,-40.995058,-0.4669808,-2.211492,0.0002961,44.5272716,3.7080991
1776.9426013,-39.3922996,-1.6613036,-2.2109035,0.0002927,44.6934167,3.6822199
1778.9414118,-37.7888389,-2.8546911,-2.2103217,0.0002894,44.8577932,3.6565822
1780.9402224,-36.1846945,-4.0471462,-2.2097467,0.000286,45.0204314,3.6311823
1782.939033,-34.5798662,-5.238686,-2.2091783,0.0002826,45.1813605,3.6060169
1784.9378436,-32.9743608,-6.4293219,-2.2086167,0.0002793,45.340609,3.5810823
1786.9366541,-31.3681978,-7.6190563,-2.2080619,0.0002759,45.4982047,3.5563754
1788.9354647,-29.7613762,-8.8079068,-2.2075137,0.0002726,45.6541748,3.5318927
1790.9342753,-28.153903,-9.9958848,-2.2069723,0.0002692,45.8085455,3.5076312
1792.9330859,-26.5457978,-11.1829926,-2.2064376,0.0002658,45.9613427,3.4835876
1794.9318964,-24.9370594,-12.3692479,-2.2059097,0.0002625,46.1125914,3.4597589
1796.930707,-23.3276944,-13.5546623,-2.2053884,0.0002591,46.2623161,3.4361422
1798.9295176,-21.7177231,-14.7392377,-2.2048739,0.0002557,46.4105407,3.4127345
1800.9283282,-20.1071436,-15.9229922,-2.2043662,0.0002524,46.5572885,3.389533
1802.9271387,-18.4959628,-17.1059375,-2.2038651,0.000249,46.7025821,3.3665348
1804.9259493,-16.8842009,-18.2880753,-2.2033708,0.0002456,46.8464439,3.3437373
1806.9247599,-15.2718558,-19.4694239,-2.2028832,0.0002423,46.9888955,3.3211378
1808.9235705,-13.6589343,-20.6499949,-2.2024024,0.0002389,47.1299581,3.2987336
1810.922381,-12.0454569,-21.8297901,-2.2019282,0.0002355,47.2696524,3.2765222
1812.9211916,-10.4314212,-23.0088278,-2.2014608,0.0002322,47.4079986,3.2545012
1814.9200022,-8.8168341,-24.1871198,-2.2010002,0.0002288,47.5450165,3.232668
1816.9188128,-7.2017158,-25.3646677,-2.2005462,0.0002254,47.6807255,3.2110202
1818.9176233,-5.586064,-26.54149,-2.200099,0.0002221,47.8151443,3.1895556
1820.9164339,-3.9698856,-27.7175984,-2.1996585,0.0002187,47.9482915,3.1682717
1822.9152445,-2.3532008,-28.8929946,-2.1992248,0.0002153,48.0801852,3.1451617
1824.9140551,-0.7360071,-30.0676972,-2.1987977,0.000212,48.2107599,3.1209817
1826.9128656,0.8816885,-31.2417178,-2.1983774,0.0002086,48.3399821,3.0970311
1828.9116762,2.499866,-32.4150582,-2.1979638,0.0002052,48.4678722,3.0733068
1830.9104868,4.1185278,-33.5877371,-2.197557,0.0002019,48.5944498,3.0498059
1832.9092974,5.737667,-34.7597658,-2.1971568,0.0001985,48.7197344,3.0265254
1834.9081079,7.3572637,-35.9311467,-2.1967634,0.0001951,48.8437449,3.0034622
1836.9069185,8.9773203,-37.1018979,-2.1963767,0.0001918,48.9665,2.9806137
1838.9057291,10.5978298,-38.2720312,-2.1959967,0.0001884,49.0880177,2.9579769
1840.9045397,12.2187726,-39.4415488,-2.1956235,0.0001851,49.2083159,2.935549
1842.9033502,13.8401509,-40.610469,-2.195257,0.0001817,49.327412,2.9133275
1844.9021608,15.4619577,-41.7788032,-2.1948972,0.0001783,49.4453228,2.8913097
1846.9009714,17.0841738,-42.9465542,-2.1945441,0.000175,49.5620652,2.8694929
1848.899782,18.7068012,-44.11374,-2.1941977,0.0001716,49.6776555,2.8478747
1850.8985925,20.3298327,-45.2803719,-2.1938581,0.0001682,49.7921096,2.8264524
1852.8974031,21.9532497,-46.4464532,-2.1935252,0.0001649,49.9054433,2.8052238
1854.8962137,23.5770539,-47.6120014,-2.193199,0.0001615,50.0176718,2.7841864
1856.8950243,25.2012378,-48.777028,-2.1928795,0.0001582,50.1288102,2.7633377
1858.8938348,26.8257836,-49.9415365,-2.1925667,0.0001548,50.2388733,2.7426756
1860.8926454,28.4506924,-51.1055443,-2.1922607,0.0001514,50.3478755,2.7221977
1862.891456,30.0759568,-52.2690627,-2.1919614,0.0001481,50.455831,2.7019018
1864.8902666,31.7015596,-53.4320957,-2.1916688,0.0001447,50.5627537,2.6817858
1866.8890771,33.3275013,-54.5946603,-2.1913829,0.0001414,50.6686572,2.6618473
1868.8878877,34.9537745,-55.7567677,-2.1911037,0.000138,50.7735549,2.6420845
1870.8866983,36.5803627,-56.9184226,-2.1908312,0.0001346,50.87746,2.622495
1872.8855089,38.2072658,-58.0796414,-2.1905655,0.0001313,50.9803852,2.6030771
1874.8843194,39.8344765,-59.2404354,-2.1903065,0.0001279,51.0823432,2.5838285
1876.88313,41.4619788,-60.4008097,-2.1900541,0.0001246,51.1833465,2.5647473
1878.8819406,43.0897722,-61.5607803,-2.1898085,0.0001212,51.2834071,2.5458317
1880.8807512,44.7178491,-62.7203585,-2.1895697,0.0001178,51.3825371,2.5270797
1882.8795617,46.3461944,-63.8795499,-2.1893375,0.0001145,51.4807481,2.5084893
1884.8783723,47.9748071,-65.0383701,-2.189112,0.0001111,51.5780517,2.4900589
1886.8771829,49.6036793,-66.1968301,-2.1888933,0.0001078,51.6744591,2.4717865
1888.8759935,51.232797,-67.3549365,-2.1886812,0.0001044,51.7699816,2.4536704
1890.874804,52.8621582,-68.5127041,-2.1884759,0.000101,51.8646299,2.4357089
1892.8736146,54.491755,-69.670144,-2.1882773,9.77E-05,51.9584149,2.4179001
1894.8724252,56.1215744,-70.8272632,-2.1880854,9.43E-05,52.051347,2.4015261
1896.8712358,57.7516135,-71.9840762,-2.1879002,9.1E-05,52.1434859,2.386312
1898.8700463,59.3818645,-73.1405939,-2.1877217,8.76E-05,52.23488,2.3712103
1900.8688569,61.0123151,-74.2968241,-2.1875499,8.43E-05,52.3255377,2.3562201
1902.8676675,62.6429618,-75.4527806,-2.1873849,8.09E-05,52.4154669,2.3413401
1904.8664781,64.2737966,-76.6084742,-2.1872265,7.75E-05,52.5046756,2.3265693
1906.8652886,65.9048082,-77.7639135,-2.1870749,7.42E-05,52.5931716,2.3119068
1908.8640992,67.5359923,-78.9191116,-2.1869299,7.08E-05,52.6809627,2.2973513
1910.8629098,69.1673407,-80.0740793,-2.1867917,6.75E-05,52.7680563,2.282902
1912.8617204,70.7988433,-81.228826,-2.1866602,6.41E-05,52.85446,2.2685578
1914.8605309,72.4304947,-82.383364,-2.1865354,6.08E-05,52.9401811,2.2543176
1916.8593415,74.0622867,-83.5377042,-2.1864173,5.74E-05,53.0252269,2.2401806
1918.8581521,75.6942103,-84.6918565,-2.1863059,5.41E-05,53.1096044,2.2261458
1920.8569627,77.3262591,-85.8458328,-2.1862012,5.07E-05,53.1933207,2.2122121
1922.8557732,78.9584248,-86.9996438,-2.1861032,4.73E-05,53.2763827,2.1983786
1924.8545838,80.5906995,-88.1533002,-2.1860119,4.4E-05,53.3587972,2.1846445
1926.8533944,82.2230759,-89.3068131,-2.1859274,4.06E-05,53.4405709,2.1710088
1928.852205,83.8555454,-90.4601933,-2.1858495,3.73E-05,53.5217105,2.1574705
1930.8510155,85.4881016,-91.6134522,-2.1857784,3.39E-05,53.6022223,2.1440289
1932.8498261,87.1207357,-92.7666003,-2.1857139,3.06E-05,53.682113,2.1306829
1934.8486367,88.7534395,-93.919648,-2.1856562,2.72E-05,53.7613887,2.1174318
1936.8474473,90.3862074,-95.072608,-2.1856051,2.39E-05,53.8400558,2.1042747
1938.8462578,92.0190296,-96.2254897,-2.1855608,2.05E-05,53.9181203,2.0912107
1940.8450684,93.6518979,-97.3783036,-2.1855232,1.71E-05,53.9955884,2.0782389
1942.843879,95.2848079,-98.5310632,-2.1854923,1.38E-05,54.072466,2.0653587
1944.8426896,96.9177487,-99.683777,-2.1854681,1.04E-05,54.148759,2.052569
1946.8415001,98.5507119,-100.8364556,-2.1854506,7.1E-06,54.2244732,2.0398692
1948.8403107,100.1836944,-101.9891133,-2.1854398,3.7E-06,54.2996144,2.0272585
1950.8391213,101.8166841,-103.1417578,-2.1854357,4E-07,54.3741881,2.014736
1952.8379319,103.4496726,-104.2943997,-2.1854383,-3E-06,54.4482,2.0023009
1954.8367424,105.082658,-105.447054,-2.1854476,-6.3E-06,54.5216555,1.9899526
1956.835553,106.7156271,-106.5997278,-2.1854637,-9.7E-06,54.5945602,1.9776902
1958.8343636,108.3485714,-107.7524315,-2.1854864,-1.31E-05,54.6669192,1.965513
1960.8331742,109.9814902,-108.9051811,-2.1855158,-1.64E-05,54.738738,1.9534203
1962.8319847,111.614369,-110.0579827,-2.185552,-1.98E-05,54.8100216,1.9414113
1964.8307953,113.2471995,-111.2108468,-2.1855949,-2.31E-05,54.8807753,1.9294853
1966.8296059,114.879982,-112.3637902,-2.1856444,-2.65E-05,54.951004,1.9176416
1968.8284165,116.512701,-113.5168182,-2.1857007,-2.98E-05,55.0207129,1.9058794
1970.827227,118.145348,-114.6699413,-2.1857637,-3.32E-05,55.0899068,1.8941982
1972.8260376,119.7779246,-115.823177,-2.1858334,-3.65E-05,55.1585906,1.8825971
1974.8248482,121.4104141,-116.9765299,-2.1859098,-3.99E-05,55.2267691,1.8710756
1976.8236588,123.042808,-118.1300105,-2.1859929,-4.33E-05,55.2944471,1.8596329
1978.8224693,124.675109,-119.283637,-2.1860827,-4.66E-05,55.3616292,1.8482683
1980.8212799,126.3072992,-120.4374133,-2.1861793,-5E-05,55.4283201,1.8369813
1982.8200905,127.9393703,-121.5913499,-2.1862825,-5.33E-05,55.4945242,1.8257712
1984.8189011,129.5713259,-122.7454658,-2.1863924,-5.67E-05,55.5602462,1.8146373
1986.8177116,131.2031471,-123.899764,-2.1865091,-6E-05,55.6254905,1.803579
1988.8165222,132.8348254,-125.054255,-2.1866325,-6.34E-05,55.6902615,1.7925956
1990.8153328,134.4663658,-126.2089587,-2.1867626,-6.68E-05,55.7545634,1.7816866
1992.8141434,136.0977479,-127.3638772,-2.1868994,-7.01E-05,55.8184006,1.7708513
1994.8129539,137.7289637,-128.5190211,-2.1870429,-7.35E-05,55.8817773,1.7600891
1996.8117645,139.3600188,-129.6744109,-2.1871931,-7.68E-05,55.9446978,1.7493995
1998.8105751,140.9908916,-130.8300478,-2.18735,-8.02E-05,56.007166,1.7377068
